N,P,K,temperature,humidity,ph,rainfall,label
61,43,89,20.39196365086843,73.97987726295555,7.356018640442437,488.99863008405066,olive
65,50,78,16.857200907531645,74.76332709423279,7.2564115790271,630.4996930667062,olive
60,41,75,17.825453457757227,72.87134647448357,7.631945018642115,522.8072850495105,olive
64,51,90,17.396628042581824,66.35909651799231,7.818386009333087,545.6154978167907,olive
74,48,77,21.159642440417922,75.20461307881669,7.650499251969543,453.31624028996663,olive
68,41,83,16.095797513321287,68.46340738433223,7.441025466026011,620.8158797063645,olive
66,52,82,16.20633112669131,78.63980603118173,7.458779981600017,615.6305710884955,olive
56,53,80,17.247649977209132,73.51550491729986,7.2313132924555585,660.5711936487496,olive
66,41,84,21.368964102565894,73.96849968216628,8.121874235023116,472.12312551297987,olive
62,44,90,20.483920660824285,73.0953819858362,7.786751165663848,691.3138268160345,olive
67,48,89,16.991601634378014,65.23454610111791,7.623401480706369,548.7203795438925,olive
62,47,85,17.193054424532832,75.67012929122976,7.990175540531205,601.4899936952529,olive
64,46,83,21.489758053262683,77.75057866684699,7.649450674138203,473.85252912260285,olive
59,42,86,19.82534482813128,78.3081911386449,7.672214925161949,479.89856148457545,olive
68,42,75,20.33037712698924,68.53977379623434,7.456068322761324,460.1083973846078,olive
69,54,84,18.63601901119462,68.02578803503094,8.09576359567352,568.8425557955279,olive
58,53,79,17.49575337489325,71.15574384553445,7.955551138543048,507.1995413729056,olive
61,50,93,16.967327723524026,78.9454647851386,8.008120379564417,608.3509391276059,olive
60,51,86,17.119420353316215,78.38838497734966,7.739342241915651,651.8600387910157,olive
61,53,75,17.632793496307812,74.71535180812043,7.200520376995316,538.1422140835423,olive
57,46,80,19.064483815465394,71.26116504723169,7.42210781047073,479.9663418334207,olive
66,47,89,17.009746253037584,68.28146329359605,7.758102002017341,550.9590427645102,olive
71,49,94,17.481256377031606,75.44456409259682,7.912270589924441,487.02173248835,olive
71,50,91,21.859689734995918,71.16555519977346,7.233050732900549,536.2678120066707,olive
55,42,76,19.18560749990282,71.71674746859638,7.7528930890713275,598.1741809698484,olive
65,47,91,20.36929809167116,70.5167469907888,7.8323058305935795,608.3824276902237,olive
65,54,90,20.790070749907308,67.26076315948144,7.708198776740718,623.9532016977205,olive
57,43,78,16.099526973567137,72.68139587448921,7.426495775197938,611.2931976023624,olive
74,48,75,18.385432126525135,72.7662702579122,8.037710105907328,618.9225292598202,olive
72,46,84,17.547649766290935,74.8997606905127,8.017222200201216,588.8002028998656,olive
71,41,75,16.558616606835397,78.4582363692999,8.10041805716333,608.275364318317,olive
63,48,77,20.202146979836627,77.69991713357459,8.056324291878092,551.1270317805476,olive
55,47,94,16.504839789970294,67.4244307114192,8.098554188527078,601.6072649148975,olive
57,53,77,21.841983020531906,69.25881462106199,7.505363860344393,571.4034383965567,olive
57,52,83,17.05555151606407,65.27113045423282,7.693893715183434,494.7056773053322,olive
62,46,77,19.94567735380206,73.52462905003208,7.293674767828093,541.9289507648584,olive
68,53,80,21.873357149650055,72.30113229439182,8.106098787718553,558.5985913776071,olive
55,51,89,18.955106162913182,67.92864481697066,7.922452115261505,520.193090610214,olive
57,40,91,21.967303064784048,72.04916770986415,7.479560341796758,670.8735055665647,olive
63,44,91,19.316589801012938,73.58438703756258,8.180331583716045,468.83656400153205,olive
55,42,92,19.3408075747501,79.04232161241171,7.896029796674973,592.5152925223413,olive
72,54,76,17.52498189441843,69.42935882628409,7.5225507642386,662.1674487311686,olive
63,50,90,19.316919861447445,69.44765215471698,7.619780856446276,514.0517358986145,olive
67,51,81,19.009097768123198,76.97442768450162,7.849963930777765,625.4917193144258,olive
70,53,86,21.31970289370396,65.41425157810556,7.778864895507558,559.6185307545218,olive
73,48,91,16.224089132495287,77.33900840989487,7.560190641411262,481.7651281629712,olive
55,47,86,21.79151098234462,71.85897742420593,8.042023075011981,498.59500849871824,olive
69,42,82,20.35654800233597,79.63778119193802,7.716300348301195,530.7391182353115,olive
71,47,93,18.633828524233817,66.17684572013398,7.225350743415458,690.6621036694812,olive
63,51,75,17.039765920425076,67.34655564006628,7.450242898164595,587.3066661765301,olive
70,48,82,21.60768398403826,74.57405890765025,7.716696257426566,614.2778321250416,olive
59,45,77,17.486385937006943,70.33959017976892,7.957846110464368,453.598372157439,olive
68,51,79,16.56494192961136,69.67119964086942,8.179510528621508,493.83256747233463,olive
70,49,90,20.84147786230468,70.19456481634101,7.664673812939611,612.4434206606909,olive
64,45,79,21.320082323788284,68.9134043501257,7.215304540290385,683.3590770198707,olive
55,47,79,20.10378261638885,74.2377674658487,8.143891604560757,686.0628992812918,olive
74,47,86,18.329019557239132,74.6493232766353,7.658252890491516,586.4041973289837,olive
59,51,77,20.922561062627608,74.77227157786682,7.406684359876746,518.4902818302835,olive
66,54,88,16.1093309539093,66.41664441133892,7.883006773416357,467.79716211505723,olive
62,52,84,16.139631614414956,77.21702723883404,7.481854774773399,479.54120690541407,olive
72,52,85,21.264832081162318,76.02606565705828,8.003480930384848,520.5086431428266,olive
64,44,83,19.41112170249975,73.63886862887126,7.93164775529964,481.9224323556164,olive
71,46,79,17.43158115874204,75.19767169850368,7.939908760447374,509.5590381009949,olive
71,40,94,20.95874479664645,69.80074401545917,8.0955232284962,547.3004196835408,olive
66,52,83,21.082858864573538,70.32357785694082,8.156800885126456,619.1924761060758,olive
74,42,89,16.499706467171556,66.37556220887721,7.802440925901118,588.4257630864502,olive
58,44,90,20.737708856767323,66.36809154573035,7.694420304702581,464.3896900041611,olive
59,42,85,20.234988903272168,79.52977915961202,7.888030010175038,659.2409685593434,olive
71,52,80,16.504640836689983,75.5145369718868,7.272763006364194,655.4650148225891,olive
56,44,79,17.399368434547167,73.71958125840173,8.063138521989003,670.0899921596042,olive
71,54,81,21.916006382937226,76.30067277888412,7.576259585530916,470.8751791746672,olive
66,45,81,18.545332055481857,78.59531577642105,7.311197482306151,573.1562760727148,olive
67,41,94,16.71290749760843,66.76289370165658,7.849210302116063,636.5112198163558,olive
67,51,91,16.497347930160124,72.92555181945814,7.636335831606556,650.5273122566836,olive
67,52,89,21.346858682188426,72.9155166362945,8.1929647961193,468.4491411838497,olive
57,42,94,16.452607282538615,67.49323147863879,7.416809106586491,523.6234867098575,olive
55,44,77,21.406948062945933,65.68169570512187,7.48096318959223,687.6028710191397,olive
62,45,86,16.640536395615307,70.03490097195444,7.369679903895565,611.7120904171809,olive
62,49,92,17.595627549785434,70.40517642807902,7.459949862854263,563.3102117072077,olive
71,48,75,18.467240325233117,74.04172823034948,7.470957642515129,483.29628130593744,olive
57,52,80,21.698799479751543,75.8857926258254,7.813415195935789,554.5607590726547,olive
72,50,87,16.989005566822005,71.16882674878053,7.977602283735225,570.0925204665887,olive
69,40,85,19.56478429211281,70.71336284946533,8.169914397814603,660.5297307839271,olive
67,40,76,16.220931205815948,67.0077817820095,7.213671964826998,468.8397650881156,olive
71,44,79,21.97982102244343,73.33147558403941,7.96898741518051,686.191432470607,olive
64,42,91,17.44650899397779,68.07567992759788,7.451442439511799,518.6829492564772,olive
58,53,75,20.03020410643514,74.27192360686844,7.558162718032841,478.38939804990724,olive
56,45,77,19.12098100667196,77.7827225047781,7.751906838774485,590.2344928838465,olive
71,54,89,18.523214671990452,76.77002395916465,7.839361356974242,651.2611668798404,olive
61,45,76,18.103525352839583,73.8487653028195,7.592244045099732,559.3687305059323,olive
56,43,80,18.705462684496627,78.65706917604909,7.49795945154195,580.9005690037528,olive
71,44,78,18.756080847677033,77.63137122528065,7.968917741315397,466.55899446296644,olive
59,41,80,18.955708563957216,69.93127415431262,7.833400854316725,510.03640469454825,olive
73,54,90,16.911416161073767,67.08240758974115,7.840874744803214,495.4700210997862,olive
57,42,92,19.611612373245762,68.35773598859481,8.021790636844448,536.2706569555967,olive
64,52,80,16.723815226603605,71.91168152049089,7.406333718405793,541.0674652620189,olive
68,49,87,17.929496588080173,66.38435879343119,7.681145394056293,621.9461792740208,olive
65,54,90,16.366467759129183,69.15316472220806,8.00620127979306,637.0649225959146,olive
74,54,89,18.222832616748292,72.26784477786532,7.818254771530295,542.2284098924431,olive
56,52,88,16.88643455143736,66.99675392881217,7.887165505403331,661.1101681584072,olive
65,54,87,21.20328988644834,70.31220006189689,7.597163832504083,476.2172916331202,olive
59,51,84,19.38379055211302,77.61064978816897,7.2892043287120565,583.8338910038808,olive
71,52,94,18.843819648583338,70.32656454918957,7.848822840291575,569.8955254385626,olive
58,54,76,19.346453595702624,73.79803151991139,7.764458542522641,544.6931564878223,olive
59,45,94,19.875503447989608,73.56167457003367,7.556096725897846,696.628812198245,olive
59,48,75,16.04520617880445,68.37999196568792,7.565356819674058,571.9524502021845,olive
65,53,83,16.481402473969855,72.86767084355382,7.610396826989661,695.5946542271516,olive
60,41,94,21.816822599652212,77.9826068884097,8.017072070949279,514.475706761235,olive
60,42,76,19.34057735808358,73.5741903420485,7.479979093660284,642.3732332979843,olive
60,49,78,18.5526186316985,72.61415568026682,7.44240973241508,478.7092061848009,olive
68,45,79,19.03662373815608,78.98021513385402,7.520642192159515,598.4707743894747,olive
60,41,84,19.29161870762892,73.23382969833466,7.401730462330236,621.1428869699583,olive
74,40,79,16.016265396485977,66.75044096212523,7.673166201051892,601.5254702639596,olive
57,53,91,21.10436476009873,76.18961788323077,7.6085182929359165,683.2345167749886,olive
65,48,76,17.08739839699396,65.99744401050167,7.941120649290059,593.6182782949779,olive
62,50,83,20.503011548591882,76.99305696379274,8.025132676692797,496.601246697036,olive
73,50,88,19.138392548614718,70.38245726185254,8.077200540813108,548.1112768556588,olive
62,47,81,20.282694729131954,78.4950116793826,7.824101544181837,584.9452654786583,olive
69,40,91,21.39744743964741,70.75836832059817,7.743552861113988,676.6180277411368,olive
73,46,93,18.589168858818656,69.99223678868726,7.930549136809301,623.4294018508347,olive
74,54,89,19.720436535571082,73.00191637964483,8.093892583050957,647.1493028061327,olive
60,48,75,20.241882767460755,76.67857908576127,7.3431279855484695,501.1361482923658,olive
56,49,79,21.2605938205705,70.1312262307386,8.021257304672012,477.65793423880183,olive
58,52,94,18.383723743362204,76.95943048669331,7.349917427348774,507.31284880816037,olive
66,52,76,16.073218433908266,73.9766405180784,7.765508347322974,629.0447686832381,olive
59,43,85,21.75444876738417,70.13786385767816,7.427350983029987,555.8992156051207,olive
68,50,86,21.471114453057787,67.08674291214592,7.300794603015887,514.0038829634155,olive
62,51,85,21.592709694901675,73.47699775383813,7.896650823876891,680.6248452943239,olive
62,54,84,20.62748001111843,70.61653054580633,7.268921539367219,469.33026637219683,olive
68,47,83,21.553411077440657,71.76259057106198,7.313238045840755,696.2102997405837,olive
68,43,75,21.21937817237277,72.78257085689108,7.791275435744929,549.7506759675325,olive
63,44,83,17.233478850253825,76.81684833071739,7.8037215317301385,478.5668250139219,olive
74,48,85,21.53776139079091,71.9855018347822,7.680836978089073,679.6136812348253,olive
65,50,86,21.476496777274775,68.72339664135728,7.777631954091547,491.37832935699345,olive
55,40,85,19.793585727517183,65.19641684882501,7.86353737201671,494.5089917174379,olive
74,48,91,19.34383221334029,77.90948026836101,7.735069718933659,496.11571785471403,olive
61,40,87,18.383908692745585,71.40183358005125,7.999782022074269,537.3467497623333,olive
71,52,90,19.3890467995757,65.98562959142528,7.97552761669501,563.3222086870069,olive
56,45,91,18.404578365251957,73.39460496962327,7.3552402459307125,495.48203262381776,olive
61,42,84,17.624468038861323,74.65999314858524,7.608734171098096,456.3465889150862,olive
72,46,82,16.162575955020902,68.32958242899424,7.431074796588072,617.9731858996821,olive
62,45,89,19.416661106581003,78.31190723770254,7.7567215847833655,630.2032740776267,olive
57,47,88,19.619184413061877,77.1027522344388,8.162649318554873,686.1024313943184,olive
68,54,90,16.521550089702096,74.4986116236644,7.935904613196001,662.0320238667209,olive
70,52,93,19.498249365818154,71.32136825888747,8.092671711076974,654.3608904346102,olive
74,50,84,20.95064398853596,70.44588818292635,7.2342281108205295,657.6636266413125,olive
59,45,83,18.6167591748119,69.41698639312877,8.148453306962155,640.9014485399402,olive
71,49,88,18.826392716162886,67.73160708232375,7.684778367150346,578.1144139704804,olive
63,47,76,19.800869318956885,68.86831528149803,7.339356074072824,658.7325591998248,olive
58,49,87,20.147331145657926,75.24775784668222,8.022583875911673,582.4154196637703,olive
64,43,83,17.644331324123236,73.3126700377369,7.851420388351864,657.4354509268004,olive
64,45,80,20.393107470754373,68.76095990842397,7.833098063357447,573.5684625345679,olive
64,52,91,18.51262314935244,70.74707792374247,7.718917705282838,461.74149169376375,olive
65,40,93,16.542021763465648,76.56478888303218,7.2682497053540915,659.2697476757573,olive
65,43,91,20.329197166731433,74.15607000511936,8.149306797057765,549.1623432630136,olive
59,47,75,17.619467334353168,73.0976416836229,7.3620138778915845,660.3824150775108,olive
71,53,87,16.928032845299416,74.34998826357486,7.674237308700369,536.0959330110583,olive
62,40,75,18.97294789723719,75.32603594641604,7.634827338603746,511.6005083097767,olive
57,41,79,16.014036343754668,79.51549082310629,7.205253818558385,475.77343650343624,olive
59,51,91,16.82091178551377,79.25356030731203,7.646005772957955,496.2832322096549,olive
70,47,93,20.393349318457368,77.09841721792175,7.858783366710717,623.0691411294631,olive
60,47,92,18.936549781858844,68.31814162729404,8.187668007996646,686.0148349216533,olive
69,49,90,21.551489904493994,67.70863017691,7.767945230552629,678.8720743970105,olive
68,54,81,17.784094044235303,78.86594293064796,8.171058245165367,686.0666222783584,olive
72,54,94,21.067296391210423,69.78650709864884,8.028915474150677,459.2519086788732,olive
57,51,87,16.461719209775254,75.4443316381721,7.539874963768066,631.1916928821904,olive
66,46,89,20.823861876405385,73.07602235571181,7.861655175080541,634.4639417266312,olive
55,52,84,21.259992267174695,71.26259126041839,7.6619428505755875,697.5853283354443,olive
67,52,92,21.634406191077378,76.98174853660498,8.197934110533337,537.6779538629276,olive
71,52,86,19.76503277931022,78.10515671279508,8.184083469199294,642.0683534661296,olive
61,43,79,20.39363084310787,65.05019543064469,7.6673107665376525,524.2507191137206,olive
72,43,92,17.40164650629946,65.63139784454543,7.217873934733414,696.930597434008,olive
63,54,91,18.349780843242137,66.86656335945284,8.156415697559424,649.4973305358458,olive
59,50,80,21.89398309048049,78.26298467197255,7.800798446442197,675.9309917938176,olive
56,48,81,21.94701175682186,68.47507552075164,8.142731774135125,612.4116622480922,olive
73,52,88,17.38401887030655,67.64792048008262,7.420486209070176,496.60956553606366,olive
57,47,80,20.80461812277925,74.4466688449423,7.4163240230365535,579.565091669098,olive
74,49,91,17.043371495316922,70.94363028353987,7.958238475704091,624.005154513448,olive
57,42,80,19.73762429761071,76.21807406138343,7.234865160233825,673.7303603069599,olive
59,41,85,21.26476517578228,68.9840006388306,7.329514921282804,672.1870199672443,olive
56,51,84,20.857096448349267,74.82862970958533,7.750857370609139,471.74668997785255,olive
69,45,82,20.174285757098502,65.73175372509759,7.7326025194007615,690.5304931480125,olive
70,52,79,21.94885201087029,65.92275539358853,8.08290626913746,579.0197551109042,olive
73,49,77,18.08685524741316,75.17024228838595,7.7657319639957905,516.7570675423553,olive
60,47,93,21.208964824309284,68.67928298383002,7.357340659702526,490.10002633251804,olive
67,50,87,20.184828770015702,75.2021115764045,7.818611378215184,638.1791598894104,olive
61,44,85,21.767891729109444,71.98205013154976,8.079071480228132,451.2862926886787,olive
65,44,81,16.96455937628985,77.26950536178593,8.032134177957742,576.8669334402091,olive
61,41,87,19.701561510254454,79.71779267041136,7.831813527016668,514.95089526604,olive
67,42,90,16.64188383296175,76.41541853753043,7.74126657867611,690.7480009647486,olive
69,53,79,16.615058367944076,79.05842730854677,7.887885722300813,466.95926477629297,olive
71,51,91,19.493022761057638,70.18824585429435,7.820915517767476,461.4355084531282,olive
72,53,89,21.81326713171415,76.24477747614387,7.330086240130632,639.5657989822556,olive
61,52,85,20.929077684444646,70.57750293858086,8.018785643357093,513.1271874220955,olive
56,53,76,21.98274700094627,71.39271953353959,7.651387024329675,490.9059552979173,olive
65,43,76,20.636936680100828,68.45080524547151,7.331335126409378,667.0135806330732,olive
66,47,89,18.518363901556732,74.57788921496129,7.597594397962794,518.5538005871675,olive
57,50,75,17.924456442628763,75.86634008921175,7.945837012030964,500.08978588717815,olive
71,48,86,19.376501718060297,72.07298690153769,7.743232805789958,489.81143456981613,olive
71,52,82,20.625531067864312,77.6717484217533,7.961023990942999,606.5550804078539,olive
76,49,82,19.29821212273658,76.93145936148491,6.801231835166425,519.6654530244854,agrumes
76,48,83,21.908888708082387,73.38310213665603,6.960825469078189,530.303893360453,agrumes
66,52,87,20.172533712465018,76.82830223622702,6.8116205399081,414.48937755891177,agrumes
82,58,94,22.200143836835124,74.37493868063954,7.494981886126542,572.0244794378409,agrumes
70,53,87,23.069997156884885,81.23742458651924,6.9459220740351455,420.55848089853316,agrumes
78,59,95,21.376494670861142,73.15524369878302,7.146016567644839,555.1609471585912,agrumes
82,56,80,21.62398150369298,71.3179974871725,7.150626931209181,406.6406217582733,agrumes
84,54,86,18.929010278301423,78.51311272392337,7.4894649691372654,560.1173398218166,agrumes
66,54,91,18.7319748823408,79.54645374315456,7.506475726486901,406.3172289651284,agrumes
70,53,86,22.290609224059242,74.48253829505971,7.73520181529946,589.4700925262077,agrumes
84,58,94,23.703775796225585,71.20172269577013,7.694816656060527,509.51847523074724,agrumes
67,59,88,19.14799636692648,76.57910824734307,7.524826559874058,518.6557296620358,agrumes
76,57,92,22.3101941535957,74.93526156721994,7.270182592696665,548.8558131189911,agrumes
83,56,97,18.146027975040766,79.79894528855995,7.132314625355109,508.4957271438735,agrumes
67,56,89,20.822829527866823,73.30841687383484,7.218399788667653,440.71565606844854,agrumes
71,56,96,24.077907537858664,80.90753604649461,7.542706521199981,485.09866688961506,agrumes
68,56,91,23.374067216467463,77.57267322839527,7.343300523363288,502.79917356174496,agrumes
73,48,81,21.40668258997292,83.1013485712249,7.700701864011259,484.34418537469105,agrumes
74,47,98,19.986981700260515,75.38726544499347,7.183847151867796,493.1625614040497,agrumes
79,45,82,23.432001449248006,76.07965274628616,7.401855383662008,526.5081066452613,agrumes
78,58,81,19.26683866896643,82.81577640054368,7.292277856448035,449.4462148806354,agrumes
79,58,86,20.51463358579836,78.89426277152391,6.963523872585022,478.21630733035215,agrumes
66,47,84,18.063212828906853,78.82618950010908,7.398713980100108,479.33195526871236,agrumes
79,59,90,24.18596768762527,76.63036560674286,7.130889362989172,489.7555147662806,agrumes
76,58,88,21.016212665632644,73.73071408881445,7.41714498660403,541.3554433770892,agrumes
84,56,90,23.154814105459483,79.95706791432707,7.274630875749814,568.8340897938394,agrumes
76,52,94,24.07789896359281,73.08761815055152,6.911919619397728,453.9499223033979,agrumes
66,53,84,24.55623984606473,70.59015311002764,6.922109914010027,490.43980565668704,agrumes
69,45,96,22.09269490309812,80.32311798799893,7.197378988464401,495.9794163184147,agrumes
75,58,81,20.26191459949195,84.5964662210552,7.3801122296954675,450.84491597949864,agrumes
75,46,91,21.725714921784093,71.88612267709973,6.932714653819277,428.70847240787856,agrumes
82,54,87,24.78938432275089,71.40851073684128,7.472602118225126,488.7500438609142,agrumes
69,59,94,22.84838166558315,82.57172934472166,7.744614219474023,536.6496056579292,agrumes
82,46,96,23.81614033939194,82.96913253932556,7.568519364523791,422.6219638153146,agrumes
78,48,80,22.204266797823653,84.11313034507097,7.626838883711877,533.3943033981815,agrumes
73,54,81,24.995896080394665,70.72318058290834,7.777174184221317,481.38159214457414,agrumes
80,57,88,18.633371867009355,74.33028393295957,6.90910963176575,530.1023295583432,agrumes
70,58,83,22.673153698945093,82.11768912911887,7.562285134776616,559.5627297717269,agrumes
83,57,90,20.629705763172087,74.4530391184042,7.449074658794393,465.67624557701623,agrumes
65,56,86,21.94407249143921,75.70629556349196,7.348499721651477,519.2970949970843,agrumes
81,47,91,18.102669399323847,78.80592561551727,6.968444385142719,528.515193789438,agrumes
66,58,88,20.658500461254608,82.95000474357738,7.319081785136218,495.8363755259462,agrumes
76,49,81,21.686366580882716,73.69104488196997,7.2766954750411585,478.8730647636701,agrumes
70,58,97,23.00843634969492,77.81851198728002,7.622393418817058,486.1724183076067,agrumes
80,59,94,19.704376076034094,83.9055181719446,6.860267390289561,586.8872053611028,agrumes
83,46,93,21.40110231430428,73.85164851580763,7.084872901961923,461.4579929852573,agrumes
79,56,82,22.066524372839584,71.34439508732413,7.517635785908629,479.9810413608312,agrumes
77,48,90,18.862558579205164,82.89123689920883,7.599781095424022,436.9170259074066,agrumes
81,54,89,24.42426742419964,76.36791137794543,6.887038962587658,563.1497287008561,agrumes
76,52,92,22.432059629158157,84.27105013309986,7.401611820146331,563.837771885358,agrumes
73,54,88,22.52624139396002,72.62160164241065,7.1607725191105995,581.1782209575521,agrumes
80,45,84,20.114423512843565,80.97937101378452,7.651174260852771,534.2849339061229,agrumes
82,47,83,19.047927775698703,76.35917219369954,6.952983800828562,447.047116960397,agrumes
76,46,80,19.51717860063543,71.43571833280242,6.823638586046336,528.3943000886532,agrumes
71,55,89,19.798186933520004,79.48023229030628,6.858454614108553,428.3548787054204,agrumes
67,51,97,20.830231376730044,76.42299422388422,7.517597765658176,538.4872302648739,agrumes
71,52,93,18.728767545689163,80.86508225693112,7.378386917006409,454.8321333119612,agrumes
78,48,87,22.517028862680018,78.93626092283435,7.201187914038982,473.3912158409601,agrumes
70,53,86,18.485966899222653,77.78589686362406,6.867612563592215,560.0713015644724,agrumes
72,50,87,22.55614158333036,77.99436679827002,7.124333753115375,466.6003826116396,agrumes
70,46,91,22.63287432894565,78.36675126055037,7.530650510239246,493.04112245674366,agrumes
72,50,91,18.62137175875438,84.42498603932219,7.434960045591033,550.9675639881696,agrumes
80,54,95,18.008656758315865,74.51279662529882,7.781236374344304,494.9773087012437,agrumes
77,51,98,19.066912093312922,84.88725253237563,7.727000967924295,507.9914260561119,agrumes
84,50,97,23.515313918045855,82.97029288050311,7.408486412659791,501.3676863640965,agrumes
84,46,93,18.823543199314912,73.41035950144148,7.1416745018969205,476.18190510219745,agrumes
66,55,88,21.568069727261886,82.37929162349346,7.079703538471479,588.4774038204466,agrumes
82,51,85,24.43574381250092,77.45445224358745,7.792158014823313,570.2849915490192,agrumes
74,56,94,20.780251442004477,78.09598928139914,7.427950052772635,534.8607612818097,agrumes
74,58,93,23.64147780082335,81.85045654460592,7.104679139098041,416.1838566102504,agrumes
67,46,81,19.56530104147418,84.35984331841881,7.373041428930849,586.5461480952509,agrumes
66,53,80,24.45930033359376,77.30592878228404,7.406252937750978,552.9619601805991,agrumes
84,47,82,20.79064119440619,72.19560988243374,7.167534422291531,413.6344618770987,agrumes
66,48,94,24.741805781124217,78.24294303842525,7.76582216115322,486.49957566602643,agrumes
77,59,93,24.1327363481863,74.16628935623892,7.651448637551265,400.06650122409786,agrumes
75,58,81,22.551407646787073,72.28037279692973,6.861349627110668,556.152317213688,agrumes
74,53,81,21.392211109132052,81.31380316515795,7.4194977514075875,459.4710096473678,agrumes
83,53,82,18.522408700359573,81.74044061116224,7.065387409188195,435.55327757024963,agrumes
80,56,80,21.565954897048528,84.95045280779465,7.6139702695060185,523.0438876462022,agrumes
84,57,99,22.590065707931593,82.72023827874102,7.524317469676661,558.4187267521087,agrumes
67,51,93,19.23821001600698,75.80618140503447,7.763822275482351,449.7160515429884,agrumes
70,59,89,22.76682379066771,72.84542272262016,7.418948193007721,464.70007898229477,agrumes
82,57,97,18.4523167589086,70.63949813930549,7.171408567650141,453.1702273308627,agrumes
75,59,99,19.862134946037663,72.23856666925265,6.927199762687449,572.9320784280835,agrumes
80,56,97,21.332126905581365,75.63832427718654,7.194476278570035,491.88935368119735,agrumes
74,57,96,24.6873428055275,81.80355079382943,7.115406895748013,537.6269412173084,agrumes
80,57,80,23.88610105598146,70.57639523443487,7.701761992135423,492.2954929249468,agrumes
75,51,81,20.70444236893821,76.7518664862964,7.026964694365364,577.8781832257689,agrumes
77,47,84,23.1620363810504,77.68332881219011,7.480227779208353,408.33458012047686,agrumes
75,45,92,23.61491390689311,71.58051300929209,6.835570867035548,501.7158578895157,agrumes
72,54,93,24.94111886209192,84.56124936506005,7.742315389673193,556.7685353535347,agrumes
83,55,84,21.84731230603247,82.4580168460726,6.868712832518268,484.85937717697766,agrumes
79,56,96,20.068113442341943,81.53834721757201,7.424663568854264,476.38792793057917,agrumes
82,47,96,19.787894392796538,73.91069949879875,6.8692543062858595,591.9653036151858,agrumes
82,54,83,20.049754256906752,84.69955494038275,7.4018815896363215,516.4845316414493,agrumes
80,56,81,18.8966702245634,75.07401258991747,7.72808364032605,444.9231223687704,agrumes
72,55,93,21.075834927861166,79.19409373741789,7.7430758377447075,448.138542366501,agrumes
76,47,93,18.089004229908255,84.88623100734205,7.471454934894643,463.384495468989,agrumes
71,45,91,24.43248573547688,73.78361530260042,7.555041928746278,492.107899454828,agrumes
72,58,87,21.90469257857749,72.70891897262952,6.853858206998026,464.0119665041967,agrumes
75,53,92,19.15370371010606,71.97593160181843,7.5259799099852955,563.557065971389,agrumes
79,47,91,23.129610813363755,78.13355808237773,7.390347690458773,501.672109383256,agrumes
83,51,86,22.040209483012852,83.15707662267106,7.2338005122547715,432.16963479154924,agrumes
80,52,80,23.19198443059051,83.22176169512532,7.0779020972488675,438.79077345355495,agrumes
74,46,90,20.176502510052877,81.13522075858764,7.615118384480367,522.9956480682265,agrumes
66,53,95,23.48654249139778,78.31339771198024,6.805229613542912,552.1981520056188,agrumes
76,45,93,19.417363921156664,84.3711022017907,7.167940751302084,465.3863232676158,agrumes
83,59,85,24.136555332797403,84.94501506440871,7.168309530506848,489.7221261909085,agrumes
84,54,82,18.964760294114647,79.94563006750738,6.801879883524911,435.674516861466,agrumes
74,50,93,20.4884510730895,81.91295996915626,6.892990639823132,517.6404533896781,agrumes
68,57,93,23.063833359286004,71.56206036880431,7.025438755463694,540.5886881957354,agrumes
66,58,97,22.21501950836737,70.34399216902062,7.122108004229185,527.2981302098308,agrumes
83,50,92,23.221476461695723,84.72953785669218,7.0098419948564095,565.0261335332231,agrumes
83,57,83,18.856637301276244,81.03258409731306,7.035857599143687,474.28440037460916,agrumes
81,55,94,24.988432579750647,83.99669997015337,7.442565199535191,484.2496106588144,agrumes
68,48,95,19.247767268332492,80.28866906574795,7.791126431821303,549.4439175484075,agrumes
71,53,95,19.420554573024315,78.4832494738216,7.779646715033883,433.0588221940349,agrumes
75,45,92,22.883694392640525,83.94425384313526,7.582581939851337,411.227220683242,agrumes
67,58,98,20.638399153154605,76.92599220418573,7.2809060007530695,487.03607985107135,agrumes
69,48,85,22.418194521696947,70.74763041674413,7.703913330260375,581.8780384016793,agrumes
68,50,88,19.112357173685474,79.15337724216462,6.935354082277685,550.2750172058091,agrumes
68,49,91,18.31216435861073,70.54431433920253,7.075719853095552,455.1224677357891,agrumes
78,52,89,19.903648082900418,81.39097393626946,7.2497398424505395,555.3421113910363,agrumes
76,53,92,23.971627363825554,70.69750879660099,7.419699440199415,512.3985694933614,agrumes
68,46,80,23.403004083271348,71.2963691614382,7.036784309311385,546.489746367618,agrumes
75,48,94,24.174949299974422,75.90171769845388,7.627868375322173,557.5426031055417,agrumes
78,53,84,24.869079633480727,73.84795093666372,7.454174601474074,439.619526551948,agrumes
81,47,98,24.80403730742076,79.12790909044699,7.149506372086819,422.81915697758666,agrumes
82,49,83,20.92592953709339,71.33260367631347,7.4837541055770425,509.0211056521399,agrumes
66,56,90,18.47367853330001,80.61752645844653,7.343538217342646,416.34506914935565,agrumes
70,46,80,21.00041382879333,72.11439441282654,7.464187914505417,443.2180906370615,agrumes
74,46,95,20.88235879109156,79.76460200726432,7.345431869406905,412.45462117637715,agrumes
72,50,89,24.8464327258147,81.90984574552009,7.297255930314688,467.955494312377,agrumes
84,54,83,23.297260539820446,77.79078789255907,7.004881274150712,575.5660156304082,agrumes
84,56,93,19.671573479670776,76.76859016271482,7.7849896561408745,554.4024952619981,agrumes
66,53,82,24.364541441030923,78.08052696929072,7.29781250803429,421.0947399913261,agrumes
84,51,97,18.65385580382707,76.61608237376176,6.995609273044515,437.3446591546083,agrumes
72,52,88,22.043153561168104,79.51873626325455,7.597914159615894,479.19409453249096,agrumes
80,58,87,21.641333662760882,76.71404410480325,7.357820191929202,433.2068626832391,agrumes
80,47,92,24.343002783360365,74.15356731066713,7.783521472715222,428.1423056097517,agrumes
65,51,87,24.257927970055093,79.81438828487443,6.952104283222273,488.0646836736698,agrumes
70,58,98,24.17691457885137,82.05405303162303,7.305206773576638,593.4253230518341,agrumes
77,51,92,20.261078388703496,84.95617235622493,7.779782457854521,531.2268036041162,agrumes
69,53,82,21.691797354858736,80.79030433553737,7.690258053017802,415.8813169286059,agrumes
69,47,88,23.733444597031593,78.11190632478316,7.510242798623311,462.8700226367497,agrumes
75,46,94,22.56167543094498,74.71091192489098,7.054321981178316,563.8510209742922,agrumes
76,56,95,22.984098142315467,82.38967319062122,6.900637478523533,447.97482255118894,agrumes
84,46,88,23.177699105087346,72.8689062687188,7.413777418815699,487.1010908796319,agrumes
81,49,91,21.299010171787153,84.68657407022732,7.434142138295737,425.25294831290057,agrumes
80,46,81,20.204437120290773,70.0572570118652,7.48166948240162,433.42640229424427,agrumes
64,46,55,18.69632900194352,64.18914132681616,7.6428819100587075,588.8301147019662,ble_tendre
59,40,69,13.701155010968769,60.497840318436396,7.303946401240724,580.6325581062566,ble_tendre
58,38,66,13.86210517681031,72.11094045509927,7.059093890078254,629.7694776360495,ble_tendre
63,35,60,17.365858495246673,68.4066094647066,7.110989469213481,539.411108761285,ble_tendre
50,48,58,15.0528955189376,61.93273068000382,7.412761129266026,610.4708658318528,ble_tendre
64,35,62,17.919232966135443,73.77114828298726,7.280037329550489,621.6683353598241,ble_tendre
63,48,73,18.608312413332577,70.48973062689305,7.839460909500767,646.3597386521255,ble_tendre
58,49,63,14.438008763089066,72.44091997288271,7.28152119841493,624.5507679132256,ble_tendre
58,42,60,12.961977812093405,61.02511403298391,7.2633157837532,459.22471286714676,ble_tendre
45,42,74,14.410122086080003,68.97536226446638,7.297237807708617,509.9838223013969,ble_tendre
53,38,58,19.017915657297603,73.1589264423927,7.330408003875774,518.0811686699129,ble_tendre
60,47,71,14.282322706858531,66.43773890094535,7.267776675488334,607.8321693177463,ble_tendre
49,38,59,16.791828065417683,61.7239949558935,7.093857284823356,631.9253638873184,ble_tendre
48,37,71,12.517495148121053,74.33736725581129,7.025141958277272,588.8900912261417,ble_tendre
52,46,66,15.715465889804342,62.06285662225523,7.340815699789847,482.9649350693524,ble_tendre
52,39,73,15.561968898278305,71.8320339585804,7.639605561177682,585.2852724676784,ble_tendre
48,40,66,15.901336548970114,69.78336389318208,7.950531052586204,570.1302133096711,ble_tendre
53,35,62,17.072832251010652,61.0639832420066,7.254391580841847,522.3706186410277,ble_tendre
56,40,62,13.91085328321542,67.04462662021064,7.450465301657818,544.594269219102,ble_tendre
47,42,68,16.886240568606148,64.21024823273962,7.2069925784384266,553.3145256891958,ble_tendre
50,35,68,12.395974827949333,72.49975607209518,7.843924612611724,506.98160430619214,ble_tendre
51,39,71,13.748078674833042,65.95195270629475,7.044387772170855,505.5644145563469,ble_tendre
49,35,63,18.54565334998598,67.97399196906646,7.87986267736116,564.955910852883,ble_tendre
51,47,65,12.35882854418855,66.758955284747,7.929426694473114,483.04078786757003,ble_tendre
52,46,73,15.288168602124365,73.61416503834832,7.714032644466856,571.5810428181408,ble_tendre
60,35,67,17.74743383854988,74.31049691377561,7.721393451106288,622.5761005824825,ble_tendre
58,41,67,18.636700454922003,60.60838106317022,7.871597727288231,501.3388456620092,ble_tendre
48,48,55,15.649892071644336,65.53579532641375,7.121025000485193,533.7895580374951,ble_tendre
64,35,55,15.233917837153673,64.81621645630575,7.7498507644364665,532.5350652166793,ble_tendre
53,44,56,19.10431251488094,68.98038603478646,7.5021536099619865,477.7742652793034,ble_tendre
53,43,61,18.98958874773076,70.85959583199141,7.12055841640369,630.4906614571684,ble_tendre
50,37,70,19.930105813869066,72.30018943679033,7.694882373675959,556.4985398874293,ble_tendre
55,35,67,15.194949987157528,73.65201955173201,7.808022629906553,493.21027300233743,ble_tendre
50,46,65,15.439448619121185,70.09449933591648,7.275381174255418,511.26269975564253,ble_tendre
56,36,57,15.600986889455458,68.6889953073079,7.759351025752613,469.7747235281271,ble_tendre
55,44,58,15.14379380276233,67.88718898309986,7.511681386581512,483.12566940565307,ble_tendre
51,38,59,19.120776281470466,65.18816191106787,7.154459747223324,455.0895519811502,ble_tendre
62,46,57,14.724833332650334,61.075678332714766,7.409628894895232,512.2434990126787,ble_tendre
50,39,62,14.91674982558032,63.26838831382485,7.988035966155592,540.800324239223,ble_tendre
48,35,67,19.776202051972728,63.42730120132156,7.977452117990368,556.3825413048527,ble_tendre
57,38,68,12.247646327354747,65.81980139920304,7.160024936463194,454.6704192656372,ble_tendre
59,39,64,19.200665464131845,61.74208440300789,7.955918828955319,512.7933434754706,ble_tendre
50,38,72,18.6136588779319,74.76019744815696,7.288405437818746,642.2270970815187,ble_tendre
64,35,67,19.765937229417986,71.60308337301846,7.980108992413767,545.5756896044485,ble_tendre
57,36,67,18.09521450083896,72.50474942906378,7.440441350312424,510.46664987029874,ble_tendre
57,37,71,16.05957092895794,70.16080982278075,7.235037214803825,616.1377021040154,ble_tendre
48,37,55,16.64374080794957,62.08795052018543,7.444043749202203,575.2468642842127,ble_tendre
55,38,73,18.2591066356807,71.0186688468212,7.300489385600432,515.16462351289,ble_tendre
63,39,61,15.161101946114549,60.59189299336349,7.475546037486827,558.6049167915327,ble_tendre
63,49,56,17.777145883647247,68.00079943148043,7.869969159647685,476.1304687646926,ble_tendre
55,41,59,18.35368530039524,64.13651352377036,7.877090581018189,638.8084187650795,ble_tendre
61,37,73,16.10321932917758,61.40508631058865,7.754621221598592,548.3862200211458,ble_tendre
48,40,65,13.625784728688698,71.42697287066545,7.386540506823028,552.2550924401503,ble_tendre
63,36,71,18.92461716499642,74.71109015375144,7.407584208573817,615.5037844212607,ble_tendre
59,38,61,19.648377148895463,63.00711773292604,7.109264210309622,620.7923933910845,ble_tendre
61,35,71,14.387479298895013,63.60573583049226,7.311899080004281,501.20951302099087,ble_tendre
49,47,69,17.01274008874568,73.8957391009513,7.019116094429764,545.3686936635634,ble_tendre
55,37,64,13.075481035264975,64.49093382557521,7.358715525417013,610.887441535901,ble_tendre
47,42,69,19.924368262161067,63.009765261056415,7.994648641559998,467.9624308565548,ble_tendre
51,37,55,14.734259237894094,69.49359496017651,7.06902954088785,451.1331629059135,ble_tendre
52,39,63,18.12892746236469,72.68882159516599,7.613604114237458,467.7209427939358,ble_tendre
53,36,68,14.242675686332166,70.31109546204357,7.024498448267653,511.22746817591866,ble_tendre
52,37,68,18.465881680073778,74.21532038946707,7.072316475257939,641.0230414583402,ble_tendre
50,36,62,12.90345314148809,72.63111656097868,7.242231217824567,545.6519768390447,ble_tendre
46,36,67,17.334835368114142,63.16668706749204,7.863400766857001,530.2612048439424,ble_tendre
58,42,61,15.811495890750333,63.39043496724,7.640476042175844,645.7962230349617,ble_tendre
63,39,73,17.182539567924227,61.84381017698081,7.888659080265398,550.6167901559672,ble_tendre
54,44,58,16.99827090231522,61.07663709339769,7.682617221223403,498.3863360631059,ble_tendre
58,38,69,16.420007739263113,67.80254838466126,7.142875961339412,605.0692300806271,ble_tendre
62,46,68,19.055937357773086,72.35667135151748,7.721721552717179,504.3094094822485,ble_tendre
61,49,71,16.089033113897838,60.70277862791405,7.276169557820899,591.3952974911432,ble_tendre
62,42,63,14.7229659704461,74.10672758604258,7.082715461524353,636.1774744121617,ble_tendre
45,45,73,16.51987486140203,72.9982197262363,7.571809163607154,631.4399643121244,ble_tendre
63,47,73,19.279545150835137,65.65977080944789,7.964078416490108,467.8579049051146,ble_tendre
45,46,64,13.1129267911287,63.81347075623043,7.875511226552616,486.5614473313801,ble_tendre
56,45,71,17.40886585131529,74.15973458044814,7.268968031595386,545.0813215700148,ble_tendre
63,46,59,12.38548809914637,65.40075698851467,7.9567998154842865,550.0802291420403,ble_tendre
53,37,69,12.887820196681185,69.51636217929875,7.7707806182638794,450.5762503331229,ble_tendre
51,43,67,15.332035455231033,72.33269830224634,7.850348001119896,492.3988109397316,ble_tendre
53,40,65,17.843970887670324,69.71569756594383,7.796240595562854,600.8046069856764,ble_tendre
57,36,63,13.092807229209381,69.77459640715915,7.738597458132331,513.12546875267,ble_tendre
56,46,62,15.745233130408243,68.68762883062084,7.0853413364843245,458.6013903733879,ble_tendre
57,43,71,12.892097698570211,67.73792854068492,7.267592676727972,617.0960451484389,ble_tendre
58,47,59,19.28854962213907,72.57398039318558,7.709382967087391,639.769191166226,ble_tendre
47,43,57,15.234317978038952,67.9640651761814,7.595131674905682,451.9847642255671,ble_tendre
55,43,58,12.33325454706146,65.96471369388054,7.762309032021939,540.9837779015174,ble_tendre
60,49,71,16.17036838123311,74.6402073491882,7.1255502147626535,453.3895329779162,ble_tendre
59,48,63,12.96165783296461,63.983742494379094,7.017552363366629,508.66172215611294,ble_tendre
45,41,61,14.784764745346305,65.57608942359495,7.001353625715468,509.9601055130472,ble_tendre
48,47,61,19.034040918771076,70.13370137925389,7.5469632513713885,615.952624057529,ble_tendre
52,47,58,19.195641700368814,70.65203147697099,7.937378438164321,570.6583611429886,ble_tendre
57,49,66,12.462755595577285,74.36684701482307,7.942724319094112,607.0379086296816,ble_tendre
64,36,65,19.70214680202565,61.13407560925126,7.365680748261371,495.0762536013532,ble_tendre
56,41,64,19.168600894356587,72.70791658550372,7.315147039132553,505.2474649950306,ble_tendre
57,39,62,17.087637657309827,65.82248559190494,7.674130295536063,501.9809958485666,ble_tendre
61,49,74,14.698721128136189,70.87471754886079,7.538813009039619,462.1257852132936,ble_tendre
58,36,71,19.444854438772296,67.45968669253459,7.230250920710515,458.9127646897358,ble_tendre
45,36,60,16.23727779156496,63.62839941169334,7.500603571154707,585.9240665470215,ble_tendre
49,40,60,19.429282296119062,71.41281516771744,7.546859640975126,486.06158708455564,ble_tendre
47,48,60,15.564333109935127,63.13778198111892,7.049979028659679,618.7299328103647,ble_tendre
60,45,67,16.2178612860313,65.87787444613619,7.659113764469526,471.7786627962078,ble_tendre
48,37,70,15.253392559988665,74.29530031768348,7.522539716732053,493.8234958939877,ble_tendre
49,43,72,16.74848748303029,61.096223430405225,7.622343264617246,646.2355673524589,ble_tendre
48,46,73,17.856980854743647,65.32561584677937,7.698311157227573,529.0411852619941,ble_tendre
60,36,56,18.05848165707551,62.42507154355443,7.47690010646797,593.6662350744008,ble_tendre
59,48,55,15.66587720314267,71.7202326092161,7.960167784728745,602.7158137733145,ble_tendre
56,43,59,12.072307752634337,65.35544015955018,7.926194068431782,495.73535592072176,ble_tendre
55,39,64,14.573359917276388,72.72063134402225,7.728861442269947,469.0798554626421,ble_tendre
49,45,57,19.157142380621075,60.00664172155812,7.9013830966419345,480.76140492832155,ble_tendre
46,37,55,12.359290391964926,71.41511885243088,7.371724066402344,528.491637245896,ble_tendre
47,37,71,15.554922793932114,64.13321908829225,7.622039562370993,648.4884578749558,ble_tendre
64,39,72,17.25304858966301,63.60598369340261,7.1915929457348255,633.6478173350874,ble_tendre
64,41,64,18.71852929716425,71.2765825955864,7.228694409400365,641.2640186775055,ble_tendre
46,42,67,13.7991217345273,66.47070973161112,7.719159896944569,562.6649284066093,ble_tendre
47,46,73,14.259968527782817,65.29575587400454,7.894094302533251,639.2913026300811,ble_tendre
52,39,68,18.242924024055053,67.14503599951648,7.497539852146102,490.9360218114568,ble_tendre
52,43,70,14.65251759253755,72.82545302429902,7.207075809210855,464.2316570346866,ble_tendre
48,44,69,19.035972565825013,66.90003593371199,7.095053045532692,615.3493536052495,ble_tendre
48,36,64,18.598302850222293,67.7348910878468,7.463293653272797,459.0806562937385,ble_tendre
64,41,67,12.300568723191258,61.91800201833626,7.765546750515861,450.0023269510732,ble_tendre
33,31,40,17.5352337835911,70.84692410823831,7.200560251072983,440.7156755092721,feves
29,32,38,16.61291663482145,60.02210733129467,7.7293447940879965,593.3690999598571,feves
30,22,49,19.484449149618108,66.23915856872783,7.759068939258376,521.9262023313804,feves
38,33,39,19.98834933168959,72.25169199758454,7.181613967756602,474.18820163155306,feves
35,34,40,17.840258180305426,63.307326520336595,7.762482884475553,508.4942006925312,feves
32,20,45,17.901288008775403,71.30744550853828,7.020671368891905,453.8039293596621,feves
38,28,35,21.665552499883162,60.636334473103375,7.265326137555467,520.3107758599648,feves
28,34,43,15.909589605875588,68.40137546165093,7.780731853200901,541.6979394985594,feves
27,23,35,21.530474037987705,72.41259479809833,7.697209381909637,542.8653271469996,feves
35,25,35,15.854213460252941,61.8768788571262,7.8504716147608375,468.9208168895119,feves
26,30,43,16.366684220695443,65.18012928367332,7.335610454269843,595.7050936778281,feves
27,20,49,20.353033990333955,70.06582925789871,7.435324221455236,509.8619542960208,feves
25,22,44,16.141247358521138,71.79308478391587,7.7344439320755916,476.871007704827,feves
27,30,38,15.87067981868927,71.96321040805799,7.615911915676721,568.6556181872804,feves
31,23,42,19.93409707030367,72.25692213023378,7.546430316077847,593.4070550512292,feves
27,24,35,17.161840968051386,67.23396541878289,7.118492358768401,592.302667796617,feves
38,22,37,17.77587577392974,61.9757254286864,7.865295758908912,431.45464163594306,feves
28,31,41,17.21584765687509,72.24616177447547,7.501515461479734,414.1783151782571,feves
38,27,41,19.00222188200624,72.49245565182406,7.90608706048126,402.4313542954774,feves
32,31,35,18.842010655541493,64.31449093565517,7.306776599522141,470.5917006904713,feves
25,25,35,18.01378146655033,73.16976745477253,7.605504766615876,449.4263109322784,feves
25,33,36,18.02936815719484,70.28165824832853,7.332456157148712,411.31713122934315,feves
39,26,38,21.874346759111738,71.7729273443832,7.733486746492104,423.2381913050892,feves
31,22,40,19.207718869370296,74.85542672997558,7.325253905924552,588.2544896483703,feves
33,28,42,15.472517826786753,67.78051491570892,7.179364682012211,594.1353090819489,feves
29,31,48,18.888467968741022,62.84722954458234,7.58218323009259,440.88811478990937,feves
25,31,41,16.849933842110474,63.079994080602,7.48303969755889,453.70675121352144,feves
36,27,44,19.828451944736848,62.15912870358346,7.595359661258604,434.42212056455554,feves
39,25,38,17.081035532151336,61.38100479123713,7.599044587150382,524.7297556580533,feves
39,21,48,19.491423361791483,70.55688466485762,7.373259814462759,512.7319942057525,feves
33,20,40,17.190351759495538,64.06644380646098,7.597668282702703,573.2191267223383,feves
25,22,44,18.143593215076628,69.18387226142767,7.213085008684808,587.8114191934374,feves
29,30,42,19.113101097765814,70.5170939162621,7.680111885446973,481.6303381733396,feves
25,32,38,21.553869975892532,68.12985112334648,7.939651511293508,444.0967386946608,feves
33,32,48,16.319784240244758,70.08690747037544,7.977006954438943,420.37862017458735,feves
26,30,40,17.289312509062725,73.35085538197879,7.08430131461135,561.4378637582377,feves
39,34,38,18.040823233046268,70.85171726775002,7.009054161580371,517.8907978969394,feves
25,30,43,19.69472867767628,70.51301453792148,7.2040246657385785,530.7988184679602,feves
29,26,49,20.171062055085965,60.20618331017018,7.2483762603698,442.8812965986329,feves
29,30,36,15.43768407019992,66.8841077489523,7.732733474786166,521.3463449434873,feves
35,21,48,21.66043497123751,72.57737750764537,7.805090318495663,564.5967610083535,feves
35,34,47,20.507386523499893,65.96172235348638,7.513611046544325,450.67143401193226,feves
35,33,42,15.479211035335046,65.56669407645192,7.9207666084633574,516.8897819514852,feves
33,26,35,21.05635343178468,73.72885777376734,7.859823835391276,407.0015829613611,feves
35,24,36,19.411730536193105,63.725754131148115,7.705460830283486,485.52026674066747,feves
28,21,46,16.01071342493567,71.75981038034033,7.419389611666972,500.01602365431654,feves
35,29,43,16.407691092098673,68.8534898872634,7.407632857979656,493.90510840877255,feves
32,23,46,15.737752526754637,71.46661092113257,7.409671053375993,531.0347429048676,feves
25,25,40,15.783164315843868,67.74636582327916,7.786522382390847,588.5062615040233,feves
26,26,37,20.698879799138133,70.27701464811726,7.110431863411103,457.83748925918997,feves
28,31,46,18.103145566620228,68.3007028179862,7.254882248914882,548.5061665680843,feves
34,23,42,20.5250499382378,64.61693747521119,7.913788443873259,590.5630034005012,feves
28,33,44,17.614641238297814,64.07248131272802,7.23178359028935,463.7217925527214,feves
37,28,40,18.873598328248402,67.5469870882731,7.193863067936893,571.7633542336309,feves
34,26,35,17.413469940508527,66.92765221912666,7.414516064816793,402.6502067007821,feves
33,32,49,19.715517922324352,62.68879883608921,7.693949590510157,445.91963215079375,feves
31,32,35,20.184383042260592,72.94458598480443,7.531889079007514,557.8864388390382,feves
38,25,40,15.584880362574829,60.286934496559304,7.165748176965221,578.1711069966293,feves
38,29,44,19.442474795411663,68.73215711366697,7.1184150391759315,442.3788660880218,feves
35,33,41,15.40412511457582,65.86549303691098,7.234203370926334,443.9107846459604,feves
36,27,42,21.90372670365981,66.22103740451206,7.753865073836925,574.2936842753068,feves
27,29,42,19.915022673272805,62.57540861558174,7.500112752076627,482.3916190068204,feves
30,20,36,15.154990328308406,74.17671283134013,7.69662727121739,499.14075004637823,feves
37,32,41,15.999893753700324,70.38110470536553,7.206252113836152,478.3718746376052,feves
25,22,41,20.410907049139105,74.27163043088521,7.776489302651018,522.2673204433294,feves
35,28,45,18.319785146838676,68.41017442408425,7.628426456614587,537.7263258615751,feves
36,28,40,20.064105636484385,68.03484899021367,7.836117703207249,564.2776725801389,feves
33,22,46,17.33539877085806,71.87337303887055,7.451294113029255,436.6884392806869,feves
26,28,47,18.39041098404056,60.20051524889094,7.409739236442939,529.5548465900685,feves
26,22,36,15.4688152841769,73.16025679699258,7.389404938978875,508.35219285351263,feves
28,34,46,18.819096278684036,74.72561013781713,7.450478571470596,502.6736420449831,feves
30,34,38,21.980276477320654,68.38588927419903,7.321162152635954,444.0222651809506,feves
30,33,42,15.480995744067727,65.5436129914016,7.464238519739225,544.547550447761,feves
34,34,45,21.505018815834415,65.68839805770673,7.83136770622197,568.4651009499868,feves
33,31,49,20.631462497022756,71.59214359935507,7.548419162993563,413.29266515525444,feves
32,28,44,18.83622649664968,67.81609785762582,7.350202991090731,535.4946829646946,feves
28,20,37,19.69810231365782,69.30710677577956,7.742253187199087,433.97620121014705,feves
33,34,46,17.73528606630746,62.380183105345274,7.25823101966616,521.0823515015175,feves
29,29,38,20.9680946845684,68.1246962732514,7.758267292056059,461.380902638914,feves
37,32,45,16.89659888821456,63.03381270786802,7.313826808224416,448.3001255985667,feves
41,43,61,21.243444063295396,61.18630068614189,8.057927445150701,337.70021352487373,bledur
57,41,68,22.218309465853594,59.89266152961155,8.296241450541368,290.79190591276733,bledur
45,38,64,20.36761717044327,61.22349246997844,7.725041876170872,329.3086628647653,bledur
53,42,53,22.23767395799123,50.94710439391087,8.276790483407227,373.2471899442657,bledur
45,37,69,21.736625648956657,61.21757861618108,7.650608103218274,282.5846329679516,bledur
44,44,55,18.152409723340405,63.326961648843806,8.32432689187927,344.5059817719973,bledur
53,31,65,17.23027345754094,63.468787804364986,8.388118188934035,298.79359275426214,bledur
46,37,62,22.254156641239483,62.67307021632843,7.74900873610909,336.5053598286635,bledur
45,40,69,23.030937278765382,64.00356625186473,8.301347991873808,351.13882630097487,bledur
42,42,52,19.71162298622361,54.56045408671999,7.818104446903472,394.17391235652474,bledur
50,40,68,18.060118017061107,50.205478256133716,7.580222246455714,296.82945523264056,bledur
45,44,63,23.16603301642411,60.592377531785814,7.808955990068153,269.896686640143,bledur
50,39,52,23.38413743858144,56.222226790834206,7.9023349552373325,308.5890411372673,bledur
43,42,68,18.422938054511352,60.61095500049392,7.889230471691788,284.33131937252483,bledur
58,36,60,23.291395200154625,55.12857917158235,8.027677466221695,281.7453847854792,bledur
58,34,61,18.94147670637883,62.91567949254968,7.96116690125391,390.98976879547337,bledur
53,40,60,22.328319018690756,55.43646983923744,8.363641421296617,266.5094926301673,bledur
50,34,61,19.003594462155604,60.36325964826234,8.19713580589181,347.2958435153223,bledur
49,35,68,21.477943497593724,62.15387880049297,7.913827465320796,280.62498387523647,bledur
57,44,66,22.373670797701507,52.54592642865385,7.519144867996837,366.86538795936804,bledur
50,44,61,18.54872442802868,60.28550814400466,8.410213034867757,345.85482383723814,bledur
52,42,51,19.726072328820223,54.15518786488968,8.421307512212975,337.47862064156465,bledur
47,41,57,19.940827805697126,60.53960308787343,7.566527608210855,284.6191980889798,bledur
56,33,69,16.462860188105317,60.3601965672201,8.096776419961689,325.23635498769227,bledur
54,37,65,17.754411096679128,62.00110148115302,8.384583292921187,268.78308392752473,bledur
58,33,54,22.97365865790932,59.33945800397987,8.473382619164822,319.75142762896417,bledur
53,33,56,18.353936461757357,55.93942383121407,8.16930860916188,383.7839654884844,bledur
58,43,60,21.89409421913586,56.24327088268024,7.668118128399296,321.24264478956223,bledur
57,35,59,14.74821205194973,56.57685072875867,8.029881261088526,397.7955748430928,bledur
47,37,57,14.087061470625436,52.33357155303953,7.7072729790676675,344.5871412374638,bledur
49,36,66,17.53696686580734,54.5371854375189,8.47537327714642,275.51731259639223,bledur
43,44,67,17.426451465225217,62.9698838278721,7.654925311143443,262.4105253427285,bledur
41,44,60,19.63408364483854,62.05707335725213,7.637148488152743,337.10486268314276,bledur
47,43,52,14.031409060481222,52.61365102468069,8.375405625121834,316.26197374565606,bledur
49,38,59,16.819190429047293,55.457144617114004,7.690725987590895,302.05935527490925,bledur
57,32,61,21.770492856517563,62.93304460487283,7.813875496722471,330.70340580458543,bledur
46,42,66,21.651603288167664,64.1062881095112,7.5158231719968205,328.4140212342805,bledur
52,38,61,18.831808633136685,62.57345631622701,7.861403779067186,378.96920122174686,bledur
57,36,56,18.539899111996988,61.436704380123025,7.626002027863994,279.4628823808026,bledur
56,30,54,19.101483804563234,61.04359715200749,8.01289705551881,380.44091237121665,bledur
43,41,56,23.323227582288776,61.12403929177678,7.779415884176072,269.74803831898873,bledur
42,41,52,15.828377798688171,62.38566427341,7.78570756766089,389.0685672796674,bledur
47,36,57,17.711695160195315,61.784646552936906,7.752798444015773,390.8342440061913,bledur
51,30,54,15.751231401303531,60.091469216187,7.720504263435647,282.73113018282584,bledur
59,36,53,14.006533907612996,63.06003551188277,8.292594813209135,344.0993402636017,bledur
52,30,53,18.583235945875757,55.26829081023171,7.593776526257017,322.9195727822386,bledur
57,40,62,23.44665732171095,59.14912337894077,8.4245224687319,367.871896820256,bledur
52,36,54,18.662994129398186,61.408634636829234,7.654492204004926,323.0898031150076,bledur
57,44,66,21.04083271321339,64.0275813008974,7.875805015846086,356.2182752350938,bledur
57,42,60,14.304636863089602,53.0667255869641,7.84041155611426,326.587113618934,bledur
59,44,58,18.683301859338137,61.60329112797331,7.6234008152055965,343.9483527484293,bledur
40,38,69,23.283835056363074,64.94597440518584,8.296007402427284,363.06011056420067,bledur
55,38,64,18.656825417622795,61.600715716733745,8.414965865077969,278.3708650034477,bledur
51,30,60,22.014457762229537,55.88140365356859,8.250769649211056,268.8229445198726,bledur
56,30,57,23.291447172116875,55.80983776962971,7.56616518883444,252.87332283268793,bledur
58,35,57,21.752440518349495,53.51638400017272,7.845083745513234,254.51558083169783,bledur
58,31,57,23.332050877593062,53.98244611143608,8.11146361122566,351.77499524389566,bledur
45,41,51,20.196159269449222,58.994413526898825,8.006330309354269,302.56198750152964,bledur
56,40,53,23.63360320446038,50.15426743903538,8.216049973242145,355.93692438328935,bledur
53,32,52,15.422552397768154,54.697448027446654,8.349534215487902,263.348457228452,bledur
55,37,50,23.354845135274957,52.78599608007779,7.872508931553466,389.2945843173091,bledur
51,40,58,16.399893638699574,60.65198960846806,7.772949994731488,301.21379044064474,bledur
52,38,51,15.893934178848461,50.075398289147046,7.56009641037817,385.7149512520177,bledur
59,37,59,15.77192501011191,54.41400104955672,7.61479692725128,391.22993654266617,bledur
56,44,52,16.12447277195473,59.95285390870178,7.911197488882546,310.3609388948968,bledur
57,33,61,23.09175264053586,54.70817114772541,8.191055812739261,290.74497719115544,bledur
41,43,52,17.42107620863594,56.449364296697325,8.33094917105507,267.9836640209068,bledur
40,33,55,20.82153161561635,64.24849502369113,7.637089458078757,360.0824696203812,bledur
44,35,66,14.45249189018888,53.268630623780204,7.515176882286827,337.2125658373031,bledur
42,35,57,20.57030498234107,63.47579699876052,7.899518784586935,299.0192058786666,bledur
56,37,60,22.009807004033647,51.56681777150227,8.076857381132701,319.5972547250331,bledur
52,35,54,14.672341800905611,58.92271069252864,8.238866677133032,254.86651690707805,bledur
50,41,61,15.032650088750485,52.58785815419543,8.06797429731608,294.45364202699324,bledur
48,36,64,15.44309200721603,51.735519772704535,7.527250011950815,328.5379727832179,bledur
47,34,64,19.744367558722058,52.06827904034016,8.188762540811366,384.6615349764588,bledur
54,30,55,22.958841811926597,61.90894078789947,7.658303900105614,257.7678833099225,bledur
52,30,55,18.666931208844083,57.231981483797625,8.340908710402907,283.1858044669096,bledur
54,37,64,22.236236107489734,55.76916613968152,7.959124023286681,295.4928836273924,bledur
42,41,55,20.791991512011695,51.148523876503084,7.9207612017659255,340.2523246027444,bledur
54,34,69,16.4977216244652,59.812402314291475,8.119239032053581,299.8164674962187,bledur
53,43,62,16.239825458650813,53.58713818151785,8.01230034688708,366.03581525960806,bledur
54,41,52,14.768030483144216,55.31999307477624,8.050663379440852,310.4811634199878,bledur
55,41,57,17.196520552920624,56.57265074999533,8.399260358924689,394.3392169913735,bledur
42,33,62,19.31661023764483,58.06674402112065,7.778099515066357,282.5434368795819,bledur
43,37,65,22.27302149737246,50.62872825074386,7.919182875902122,275.2305483649777,bledur
52,31,52,16.31380636376848,57.536409307495646,8.231486359703116,393.71770133791506,bledur
52,31,57,14.502144316904552,56.969197532134565,7.87961676445167,297.4880139862977,bledur
55,32,59,17.148258293516488,50.645786040735025,8.280963863644436,309.7341690937018,bledur
41,40,62,20.580549838612207,50.1208865501318,8.443174822961286,285.57166989665666,bledur
51,33,55,16.511692675484014,62.663184879292146,7.9840205725094044,327.11431638268897,bledur
44,39,69,16.15204479733193,63.2653272568363,8.059405425727357,374.27322008428615,bledur
50,30,53,17.243458076950557,53.50845397208305,7.710886227680788,378.5787485589383,bledur
45,32,50,18.002122758496718,61.749469744340715,7.765928450632119,398.54984556904725,bledur
42,38,61,20.59505981651327,60.32068335611193,7.620387578789089,390.77946752096955,bledur
49,32,64,18.198486976863176,57.45343277750074,8.416942048200916,366.4435716273922,bledur
41,42,65,18.42252276519559,61.95816608868144,8.22423254761195,353.5608582866608,bledur
48,38,63,15.596249014321673,55.03434909466868,7.576807441069281,285.2491416302037,bledur
52,36,66,16.31475213765298,63.026142859204015,8.426463797956185,312.94410742102156,bledur
50,30,68,17.92895108893179,50.429786413664814,8.083252392312557,251.69538048835338,bledur
51,40,64,16.478733587284236,60.46574461329939,7.8641127750105,334.9322523628925,bledur
41,39,64,16.714920025427112,63.56364937111348,7.874721970507377,332.4802844164308,bledur
47,41,61,18.104957940605544,52.45004972133586,7.721781978192318,297.63318698042525,bledur
43,34,57,23.303984201693254,51.43041381909505,7.950058639426225,300.61814184463435,bledur
51,34,65,17.319982942377653,59.94194411314582,8.37063388148349,363.8630398833458,bledur
42,44,53,20.93805556967412,58.29143552050375,7.716250528186529,281.2882551611576,bledur
44,40,69,19.47414840379726,61.00858065502804,7.846558759816547,311.1573655997838,bledur
55,31,54,22.273565548261455,58.77257947533323,7.837532465883819,370.4276813493319,bledur
50,43,53,22.860861088135163,63.43534916399925,7.797287204281327,284.4990630944861,bledur
58,35,55,22.75118044558047,61.8578076540751,7.641107594021351,331.83731826880995,bledur
57,31,54,15.563169707088608,61.06926421096388,7.860474505141553,350.6906237843699,bledur
51,31,62,23.925817954877633,52.34302261895899,8.488420993963482,396.5919898849671,bledur
42,38,68,23.85174555090675,61.520081529698146,7.934361498141218,316.96628826948233,bledur
41,41,66,19.00710925836671,59.6729183422247,7.523532494414098,314.4434295845266,bledur
40,40,53,20.031921656146675,57.854008207289176,7.753584116996369,320.6425088158772,bledur
50,41,50,20.520930618816507,61.71379034579135,8.291463540889518,340.37047460551827,bledur
43,41,68,15.259551963793582,64.68727332650923,8.173838898270004,377.03308366434294,bledur
51,32,59,22.89576618330492,64.15892425214687,8.26582903923491,250.81073855090048,bledur
59,35,59,20.92354306154414,53.4999923397399,8.125330169954454,362.06174006935436,bledur
49,44,54,20.50425248823864,53.18500961430337,7.622007413576889,355.2074928339535,bledur
48,31,51,18.113745714125894,51.895796336085006,7.527843907577413,343.409842343925,bledur
41,33,56,20.31375326048251,56.39597535202434,8.048145202728023,276.1970778844494,bledur
41,44,63,17.97884175557023,62.08968351301375,8.092016842789063,274.88515365561796,bledur
46,37,59,19.4669632829634,62.59730528305232,7.627485680140246,370.0309521525369,bledur
51,35,55,21.14718833502036,54.400301321615146,8.025470307355894,354.67491782577554,bledur
43,37,50,22.375308340760554,59.21728666267447,8.081195423720956,288.0453333271057,bledur
52,40,65,16.17891379626744,59.927518776709974,8.13371159976553,339.0192074057086,bledur
53,35,61,17.235304124854913,59.975839835099464,8.056578428502153,301.40963881418605,bledur
54,41,66,22.315183331122235,63.77596313122337,8.1497880467643,265.51511722907253,bledur
59,36,57,16.882515771673685,54.481743065813774,8.391200073063603,252.04510358587322,bledur
42,30,68,15.482174620993247,51.38148131299385,8.31527633109056,384.1606582972761,bledur
59,32,54,19.144613277398943,51.275845782338614,8.0488728015426,306.9968618448092,bledur
52,34,57,14.949652752283765,54.72377666883344,7.596644834287752,276.5345426235976,bledur
54,35,60,19.318717665050166,63.104277931058235,8.495568900490689,337.4071674017022,bledur
40,44,64,17.183040946923473,57.335536629614296,8.359556396917936,338.8452056593144,bledur
55,32,50,20.323962564655083,51.92488793283147,8.07849250822933,354.0133192084463,bledur
52,33,58,22.04095669633593,56.38906562700409,8.494684165196487,263.87506569084456,bledur
50,42,62,14.256896448694082,54.268120785154004,7.943033706337619,342.5658916642984,bledur
50,32,57,15.255497898984771,64.45219921211492,7.608044559376407,321.7736605160784,bledur
50,42,58,14.860321570329432,50.85540371005429,7.605483427461036,337.83815258089186,bledur
53,40,59,22.200675020556496,50.62368439769891,7.998129943548042,353.3965618154035,bledur
53,33,55,20.529496581378424,52.308792646743576,8.477031676545176,331.7158340474183,bledur
59,35,64,17.648224702077986,59.61448292148137,7.966181591127557,278.4904204686341,bledur
45,43,61,17.586215819535916,63.67008785117946,7.520934117826734,297.3659726874244,bledur
52,38,69,20.75662902207073,55.939058392939245,8.256253791422434,318.12754941050594,bledur
50,41,58,16.508790998907003,51.80671009994848,8.084543113259459,395.39827184262685,bledur
58,30,53,15.660525214815364,50.916570014294486,7.999302946014325,265.95059460223405,bledur
53,43,69,18.007041668344666,51.727192675928016,8.383273601426223,312.2238483282028,bledur
49,40,64,20.1642817737187,56.861645838048325,7.896947972934293,318.30747032209115,bledur
49,36,66,23.545659288588105,52.27148471554945,7.977416189480354,340.27101009181706,bledur
57,35,69,16.97361531308472,52.43806981203062,8.175621309598244,255.7129450898979,bledur
43,40,53,19.523661378172342,58.928445990791026,8.371913061280505,336.5472418626523,bledur
58,33,67,19.299703410214207,60.1758782825452,8.092770940870185,272.2540505934275,bledur
55,32,64,22.69937832897689,55.57319766979812,8.114400007431325,328.5495124081916,bledur
53,39,65,19.866239182836626,62.42658006408486,7.580186756812113,321.5258316599687,bledur
51,41,53,21.834695600492676,54.156038745701,8.440880169559204,268.65187621463053,bledur
52,35,55,20.033341962120346,62.02526439786958,7.969518665345634,313.3984050683438,bledur
44,43,59,18.81277951219237,62.14512554398834,8.45053282095441,253.30992230234364,bledur
48,35,61,22.143867792687615,54.20502128827119,7.632179657753872,315.97834595707525,bledur
59,36,61,14.545654082826989,58.99191709488075,8.402403276110675,307.48230489208777,bledur
44,39,50,22.353725302842463,52.953318076635256,7.941150552230632,279.9117396637803,bledur
43,30,51,21.997833644457835,58.32030537182551,8.325932308550016,344.7188188874531,bledur
55,44,63,15.646284282586688,56.22687409302082,7.514330905867001,321.7503222505834,bledur
52,35,54,20.04359319714771,61.455384040254806,8.023401370922008,284.0158937979469,bledur
46,39,64,20.25329959704233,50.18511569090561,7.6429608776007525,361.3440307255394,bledur
54,32,55,17.851026028230297,62.82208668198892,8.452415305996643,382.5347092555286,bledur
47,36,69,18.744348936207352,50.1100122625427,7.525809392863182,332.99359594345003,bledur
55,42,52,22.78033512844457,58.3681051349011,8.45979102040485,257.3042272599895,bledur
54,36,55,22.223391114568475,63.54145681946763,8.024899986725838,317.6789787176085,bledur
49,40,65,22.42165376650381,54.449187232356394,7.5771875302264675,275.4830609828586,bledur
56,41,63,19.18561688665734,53.687711637401,7.858139716529145,398.4258000076484,bledur
54,34,60,14.469729910981398,63.92077625343272,7.591140639444678,292.88508006568037,bledur
58,37,64,18.136786789852604,59.79459382861909,8.079619097228136,253.33277230383706,bledur
41,32,57,19.498641783643983,64.447385405976,7.614753599413835,323.56127787782697,bledur
44,38,69,15.790316374415838,61.962710679447284,8.177545805183776,332.03933139782157,bledur
57,44,61,14.727349477786683,54.20901219856874,7.849937853570714,367.3638718319182,bledur
42,36,63,23.61615807046166,60.95365001536802,7.989870476717744,344.6076166737894,bledur
50,36,68,17.341927141731098,60.96305518664241,7.920011004295663,336.753964467481,bledur
58,41,69,22.664231835397004,50.894259880169884,8.192050553039746,270.9981065082644,bledur
42,37,65,20.757612928952238,59.279154336409086,8.068552255604612,258.87656077953125,bledur
55,32,62,15.330097989073288,52.38105145061464,8.449273106245617,381.9402245067643,bledur
47,34,58,16.08315390008518,55.331590060460925,8.169219029924866,322.5703809790971,bledur
52,40,67,19.75593428640082,52.4218675109636,7.971739837518439,333.02076643147745,bledur
52,41,67,14.691535677185012,62.4124811245351,7.754540542921661,320.9541255014531,bledur
55,33,55,17.305610023062908,61.17105091743815,7.912403060467867,279.3633409608437,bledur
47,42,62,18.40539159872995,54.7595821613073,8.411959584199634,259.139308258108,bledur
48,31,67,18.155140630620657,63.62022634062461,7.742578266073825,263.69632038170056,bledur
50,43,51,23.414742375060655,52.61613900667249,7.971649490750595,263.71329877257074,bledur
57,30,69,18.073655242128325,57.82065532210612,8.39657465846901,279.44414534666004,bledur
52,30,60,19.88093637605447,54.74116525764896,8.126968434528717,371.25923234560344,bledur
55,35,68,16.557437015483004,54.911314381001716,7.664620513236505,277.175777627503,bledur
47,36,67,17.064154493510365,58.32700680129783,8.087991629463833,313.97496208627916,bledur
48,40,56,21.23071636049669,61.590064821922496,8.214899534091314,336.8466469831218,bledur
59,42,58,20.04839429362581,55.811769438838084,8.363479894912814,296.32034130244233,bledur
43,30,65,17.327808689607956,58.36107446471281,8.20701529427259,349.3851876608178,bledur
54,31,64,20.790666044956374,63.97610604974762,8.49694941741167,358.023619139641,bledur
48,37,52,14.492209145407616,53.46621279311744,8.397385717463715,288.42872716590324,bledur
42,34,59,22.591117576469166,57.5008738878663,8.174893203054154,285.85995761125446,bledur
48,33,56,17.125980249083,56.160239495154244,7.709690277430201,396.4841534984356,bledur
46,34,63,17.739471344790676,63.294323246835766,7.651371171263275,272.78292585049456,bledur
59,41,66,15.8245804065249,64.47814457818603,7.928183939867173,344.80288126336546,bledur
45,32,52,18.27466528166689,59.67827863766996,8.245214742690834,284.83370363520146,bledur
58,43,64,23.215133919074177,62.181164165130184,8.32521137125963,369.2587026409197,bledur
51,36,52,22.461242105302315,52.742200828088386,8.456291881513362,306.5014660644194,bledur
58,30,65,18.86173654104883,51.63520423461393,7.748539820927426,297.5413932650922,bledur
59,32,59,19.45923533309,63.89307802826518,8.371315247246853,367.76254858596354,bledur
43,38,55,20.90322846900729,64.17536096870853,8.182540478767157,299.74252736617507,bledur
56,43,60,19.105704087285034,51.79929412596455,7.81206404465202,370.35940458304486,bledur
45,42,63,18.45409521105787,51.263830661269566,8.182652605044199,285.3434276787473,bledur
47,32,69,16.89440894968208,61.74823181985018,8.303244904664806,397.98446711716156,bledur
47,37,53,20.249797483760354,59.57525866130648,7.807145648104211,378.95193776204997,bledur
40,40,65,22.490980199586758,55.75095711587389,7.668278588507713,375.4663288704804,bledur
40,31,53,19.77827971511436,54.61811187911551,7.977200079417961,368.9594542555984,bledur
55,32,69,23.33865942846249,56.033356022706684,7.968789880506791,355.8453094553472,bledur
56,41,69,15.125904665291944,56.11667051609244,8.386380361960141,257.07950525460683,bledur
45,40,64,22.624965074015854,53.496092178362524,8.195187466210065,344.4442517407889,bledur
52,38,51,21.755052967189993,55.89682697310619,7.639254070784704,251.60729465430384,bledur
56,42,50,14.561620099033131,53.83458640693042,8.02756364899942,275.7394550597785,bledur
57,35,56,22.799146267270146,57.58281187585236,8.007757838188569,270.75573920808347,bledur
47,40,51,14.733640674596026,59.94719373462813,8.095366370156873,312.27184809891185,bledur
42,34,65,22.532424691971176,60.10319867197086,7.637361745968674,291.5304954238018,bledur
41,33,56,17.208545427498436,58.940751736414256,8.495734452051323,315.28934194848307,bledur
59,32,58,19.707614809590734,57.18057286948284,8.362076142576598,265.81079289342506,bledur
50,33,51,15.678145956460286,51.80545364314979,7.567604749472383,358.60437831593816,bledur
40,44,50,21.05562711649691,54.615542200847656,7.74217465034747,260.9505389349441,bledur
40,41,59,15.106035988731609,50.53385346209715,8.494330302685714,284.90925233733276,bledur
57,39,66,17.918108946171717,62.036026766769865,7.8412444497577205,316.627511031755,bledur
46,42,59,22.77452126603169,61.59775251888137,8.171587742938925,254.75837377240467,bledur
41,39,53,23.88840541303663,57.248481138131524,8.486895945388298,363.1854041808605,bledur
40,33,63,17.98642494213064,62.94383590266484,7.767075007456333,330.1991384613286,bledur
48,40,64,18.034809690269995,53.52131632587457,8.318869270520471,300.5995913268648,bledur
45,37,50,23.51396861979106,52.05531365054481,8.037584625692565,277.73804462007166,bledur
42,43,60,23.052989990105154,57.3943545748379,7.830155950315604,266.02010560035455,bledur
55,31,66,17.14628908935199,60.110263023259506,8.344314864152382,387.37113750260085,bledur
42,37,68,17.262821515689463,50.31137048185946,8.26088597767151,256.4109409092927,bledur
45,34,50,23.554481914380673,53.704417504878386,8.359645345352607,275.3215008676846,bledur
47,39,65,15.155583766806318,62.54631384478459,8.002465649762765,252.15718539762295,bledur
46,41,56,19.037083870840707,63.17623794567442,8.452516789684598,363.18053738536906,bledur
55,36,68,21.009353650179992,52.91410356502702,7.947201032216438,374.4731897075927,bledur
48,33,50,15.557732605801702,58.205680184233664,7.587446501799885,306.6044765194976,bledur
52,30,62,23.556494672664893,64.30448911744534,7.852327054252539,256.4650163422486,bledur
52,36,54,15.411990635371849,61.452737655023185,7.608682539374692,397.1886366086915,bledur
55,43,52,20.276688771588088,52.88024127110055,7.646021019296962,390.70962093521973,bledur
46,32,67,23.240729888456833,62.30486132220801,8.061863789809518,350.71091089656056,bledur
45,36,59,15.485067816436809,58.94700613120315,8.314383920669082,307.31852416899596,bledur
56,30,59,23.677428248337158,59.866480749089,8.06439538033899,389.9434938292341,bledur
55,38,64,21.593108551502052,60.689984284798165,7.693160008408433,320.6962411861182,bledur
41,44,53,19.17293482152253,56.19661096590716,7.699345489471183,311.85497309120217,bledur
40,40,59,21.25287084354555,55.405910600811666,7.587071205577308,280.3224098837906,bledur
47,43,50,14.897595005601572,63.66239397029473,7.506047043183979,322.57903282964674,bledur
48,33,66,15.11487687838782,58.55614237105463,8.081564204437989,357.20435128536013,bledur
52,31,54,20.880151410719396,47.931870005526,7.466229362051659,337.4733726673271,orge
52,25,53,24.792602839753478,46.72359515042866,7.303837145507801,275.3012296608773,orge
49,35,56,15.54566499184431,48.85594038283813,7.76503633422091,234.04678092072817,orge
53,34,64,20.361228858392472,55.37124086269728,7.561751100134482,293.6361105496277,orge
37,26,45,25.00503320313352,53.53433224922776,8.062174587181644,321.77100775263295,orge
37,35,61,24.333189518468913,50.448830275137155,8.093935133451852,341.1488483861656,orge
41,38,58,20.990549935818244,45.61602259185608,8.044825075529914,266.89333176381524,orge
44,30,60,19.262131102039323,53.75132278527653,7.764203948952127,292.88064759382326,orge
54,31,53,17.41038671137881,46.69264780775432,7.89643395462566,272.7034275404461,orge
47,28,47,25.639983094073273,55.726875297253315,8.257134832539798,264.0657568040515,orge
51,36,56,20.89197950646332,54.27436198132182,7.980672373225738,300.00972947863846,orge
50,28,52,15.431915568135263,59.65925734765394,7.542353695136763,299.4966064256003,orge
50,36,46,16.68458950092352,55.92174656004249,7.9002514100995835,309.68758840210626,orge
36,28,58,21.30919608029381,50.12461669035903,7.9484645569002375,210.26610638639391,orge
38,30,62,18.606271216744002,57.23618070939182,7.897312378330712,259.0453280416163,orge
41,27,50,17.27692961369564,57.771086218372105,7.384264366155851,253.41396277496324,orge
39,35,59,19.733811856094206,47.48249661995484,8.00660412899422,280.3021652092485,orge
49,27,50,17.329204482576614,45.6224598826486,7.62206753519573,283.96169920005127,orge
42,34,47,18.36894675705076,48.97621926507859,7.99619245030109,228.93058530344214,orge
48,26,53,24.038057267568508,46.52069763704795,8.09189132379573,321.7358006527322,orge
35,36,51,21.606415166858497,47.49382995524551,7.679737404821649,292.579134067545,orge
38,26,49,16.36518104485155,46.82122358257458,8.021132357356825,227.56769976618517,orge
53,35,56,20.38764454787065,52.929849059839135,7.634442527118104,277.89690389634546,orge
44,29,64,17.832268737580975,56.61629241909455,7.685553564401314,276.00286862810043,orge
50,30,62,18.044295451464393,53.37256775835661,7.6470023354122,339.930153518995,orge
41,33,45,22.97165879688007,57.54623394869785,8.1624896218983,247.39957116878412,orge
44,31,50,21.08096363290184,56.10995371599939,7.785017987524041,212.81045452440824,orge
42,29,50,21.756048687509125,48.54914674061261,7.783498085106804,264.3724237937483,orge
54,36,60,16.256608524505353,48.83030025343352,8.127976463502252,256.69910579392297,orge
44,34,55,23.711291852601406,51.034605620735576,7.7249535190624306,257.4324720926275,orge
41,32,45,24.28392819136227,48.93612564733953,7.721712617525917,205.98837988456268,orge
37,27,62,18.808165753483603,54.80680126686693,7.65019868102322,292.5829374491687,orge
46,29,54,19.44665806317743,59.898977946446195,8.168557028249461,284.6959786844303,orge
35,39,57,22.709522669682677,49.27808704020621,7.930770420172621,268.34743241598164,orge
53,34,60,18.49843572863972,58.86962686692955,7.356224294850972,272.84514476200104,orge
50,29,57,18.49127735030674,48.304786479329515,7.815305187994377,215.3550626874814,orge
46,26,55,23.17778691351814,52.99240556102092,8.160667821788886,304.2377569672261,orge
39,31,56,16.387268546129516,53.72582291210215,8.066347213104653,260.9624804861028,orge
39,37,49,17.111509828952983,55.7885162856622,7.571550455177485,247.4322683844995,orge
49,34,51,23.36440074016231,55.14597553365009,7.600966319631622,227.60671580753203,orge
40,25,48,17.483685073656922,54.24932967247913,7.340333852138452,248.925538119238,orge
50,37,57,19.871123074227565,57.70904114944086,7.5060056785520395,342.81434774793854,orge
38,32,60,23.894275875621293,49.768570106599256,7.3087772119479295,257.31993632389816,orge
50,25,53,20.92199412311125,58.69844529418906,7.687972754397887,324.4348747142553,orge
39,26,58,17.056245723855916,51.67911037147057,7.788117543433735,321.959419582118,orge
45,34,50,18.031234539400963,49.982587830925986,8.000808418001741,314.7974449288079,orge
53,34,55,23.777978387411466,56.07819080095445,7.363794556253597,258.083471181531,orge
53,34,56,25.5000922665925,58.777824041557764,7.346992501003117,250.82195324072723,orge
46,26,48,21.91760186686993,54.60571119966362,8.150504228328598,311.13039025778266,orge
36,33,58,19.331306557219474,54.1231706514967,7.7445735010694285,311.35549056346724,orge
44,36,64,18.299223372203727,52.11462997302645,7.468020052192679,253.2195934484583,orge
50,35,47,21.34937680309845,55.110568011374355,7.316660471244216,250.8417163022673,orge
38,25,53,21.438265111677424,48.846195415484125,8.23397797414452,219.65879462064356,orge
49,39,59,25.769350248708342,51.311048438529255,7.801945405131842,336.48952372395775,orge
50,33,59,22.890990283400036,51.65345018247754,8.238876975142274,244.2418736063513,orge
38,27,61,15.915453728288796,57.94439434969527,7.780559940836269,210.3130859633731,orge
38,39,56,17.24394063970326,57.396969142382744,7.857688691185453,208.19154548202036,orge
50,29,59,20.530252107705735,57.59179851314326,7.950833221561485,292.2596944786717,orge
48,38,48,18.276453382292324,56.70072130560065,7.771626365195262,234.122240554031,orge
46,29,48,19.134377117001772,57.30816971618981,7.307142081768245,268.50958893287606,orge
43,37,51,24.802541009728603,51.905330597022406,8.009671343504525,347.55673748137275,orge
53,29,52,16.371121718920946,59.42121810635459,7.935910765709739,314.88026384937973,orge
51,33,61,23.519341634317698,47.01650141054325,7.767720615971151,290.88452227692244,orge
40,35,63,23.618516528466998,45.157698368124805,8.061889894377485,333.9956740682184,orge
45,25,48,20.246817318794193,50.838129279351584,8.187424535370361,334.09002660049856,orge
50,32,58,20.598549444642522,51.7923720792649,7.578694315928526,343.8307809785615,orge
52,39,50,25.473583087839863,57.35468392129636,8.00900151132638,288.14404799226634,orge
44,29,47,15.90829373838805,47.31781244985778,7.739562941772899,276.5690197019662,orge
54,28,56,15.956637222815264,49.548296757663756,8.266558439380544,341.70610725087226,orge
53,29,57,18.819113843184333,56.91273517975775,7.925216125031438,340.6459669936853,orge
41,30,54,25.568209330484912,53.0631021546052,7.314196634471724,238.64479981452936,orge
38,27,61,17.344563312453303,58.007660316770284,8.255843147175165,235.50729587673047,orge
41,28,52,16.860780832266624,59.661848447757635,8.153317186666587,274.74995424413555,orge
43,28,63,16.14131977889442,49.431330544706476,7.39055946760092,300.2004876114521,orge
52,25,55,16.875087627398063,50.767737205593995,7.646958950377586,264.7710642661666,orge
49,36,47,21.341377934538524,50.13104151986333,8.109978743683474,235.74345058296373,orge
51,37,45,17.595962665001615,47.15317133915652,7.485408850374054,227.3094693322783,orge
52,38,62,22.197811056181436,58.08779927744044,7.544147560506907,267.5164788027545,orge
36,31,48,16.016944687407733,51.86850442690607,7.694479390838858,330.0590273568421,orge
48,32,63,25.539519317849457,48.71447464607158,7.648051955477321,334.3333611310827,orge
54,33,56,16.766969738804057,47.595358046267464,7.566772063623924,217.92963043206169,orge
40,31,48,24.039276586839293,47.084534878299365,8.047297557559858,207.18708018700005,orge
44,29,56,17.11483710314901,49.642043236329016,8.274904272810236,261.6670125492273,orge
44,39,56,25.816748452556492,48.62401914653645,7.981282110532434,307.3977040312586,orge
41,31,46,15.70504182139793,53.942139743248454,8.039581177221743,231.64548359299255,orge
46,39,58,23.962730342760246,51.260874360091506,7.6096688704012925,340.6738699977601,orge
44,27,47,15.758206659481134,52.25324776185553,7.520090066047272,238.09771300643803,orge
36,28,54,18.18700782112036,48.58127656629036,7.513542854490342,261.6716504719981,orge
44,33,57,19.033467676732798,50.863761402617435,8.27645652943541,343.19995353186033,orge
37,28,49,15.748410455008367,49.75356206580937,7.566794549433831,275.88887002195906,orge
42,37,48,23.21263525108624,45.1889460190768,7.944485061520594,227.42967901323087,orge
51,27,61,22.717217921632365,45.147413288546815,7.709182587458489,249.40689039531136,orge
45,35,59,16.50758083110971,57.933171349829074,8.116092352914261,347.58595458457455,orge
39,28,51,25.861053195434202,48.37741536323898,7.962317913539582,291.4522862413666,orge
44,25,52,19.743315333507617,53.539469012021925,7.3020765176000815,239.10631611992784,orge
45,38,51,16.91572361634936,53.20321760681149,8.014459683885782,266.6941486870857,orge
45,37,51,18.260893765185685,58.944744115519924,7.424613385678327,297.87139332608484,orge
36,26,60,20.10383959184419,46.9992638712326,8.227745733075407,330.15531468788583,orge
48,30,50,23.88753060919921,56.51646926571507,7.413965887119241,296.5861935601647,orge
42,29,61,22.11048112750898,51.875452191394594,7.828707319884053,205.1565287527588,orge
40,30,49,19.785160537742456,49.38982646501112,7.845427950211714,220.01245032848107,orge
50,36,62,17.423601327813408,46.548249733184996,7.885035168718662,273.2813699660386,orge
36,38,57,20.13987095608253,46.600677286535316,7.949556006756962,330.1999387842635,orge
47,28,57,15.542398858208072,48.86218824738704,7.435661467160378,239.00720603786507,orge
40,29,46,25.66439989346796,51.80889204632694,7.806999620143348,285.82579426756547,orge
53,31,48,20.104004710160687,56.83644167473135,7.902892882605435,298.1330693043519,orge
40,34,55,22.97859029809466,57.54567866115599,8.274439310638476,346.34028787349786,orge
38,35,59,22.109409270231193,54.71013201559637,7.428349926614695,297.528074966848,orge
41,25,55,19.830437268853355,45.599219599291416,7.662293490000205,323.9585467400833,orge
46,37,54,15.606116886747142,51.403420917349536,7.769024939717884,339.2833299341204,orge
44,26,56,19.377563810188327,58.97218488895021,7.638230967317285,337.0814435482695,orge
37,34,49,18.90812371660615,55.237675951743,7.962232158329593,307.29834657937033,orge
46,34,52,18.773569057716156,55.0040397780586,7.402529198227802,201.7876974467363,orge
37,28,59,24.79915363118597,51.73556640554943,7.759303688213074,211.5453774512026,orge
40,34,50,24.227232704417972,58.15680701493432,7.543179980264226,282.58559518120467,orge
40,29,52,25.022325515311532,57.30761256348164,8.060034901803174,207.31494782197106,orge
48,39,62,18.766346356254456,53.197145415380646,7.3913532427235555,313.4969824028598,orge
50,28,64,17.083877764841432,51.017219542376964,8.247796066014457,259.48858615794944,orge
50,30,60,21.300473043556405,57.292435280790784,7.6267388905686335,252.44215982115833,orge
47,34,63,17.86443419666699,57.57599457138285,8.015620716971787,303.04121525052653,orge
44,31,54,18.877291516376864,46.89165212517938,7.429857013417881,301.4293619534809,orge
35,31,54,20.641188986786563,50.14951453793611,7.628570632732294,290.3384453565886,orge
40,29,46,15.77870579612292,54.90582378593738,8.109194803656742,300.92475348806454,orge
54,31,60,18.2993233877787,45.28751831287467,7.731989371463441,204.9517903850491,orge
47,38,53,16.831539017544667,55.68330307765738,7.4758902834186625,235.30748928475364,orge
46,37,57,17.32885809362768,47.16360031677155,8.05897683185403,275.09292985008966,orge
50,32,60,23.290921942183424,48.80069098244002,8.195076559161846,286.08937041844734,orge
36,35,45,23.303102041985646,49.641938646692736,7.74797165638219,260.82075144956275,orge
44,35,62,25.823240341566425,58.59206304191219,7.355445235703841,324.9551395911605,orge
41,27,56,17.9225412135289,58.43723597340292,7.403475063646584,298.48440535994786,orge
43,39,51,17.453949679818724,53.18502997452952,7.983975129915142,228.53418962302064,orge
47,25,47,18.341085508476095,46.39526113894013,7.44386796634333,215.69906605197218,orge
53,25,49,16.55521909637974,46.95480649758504,7.943428949517331,229.57744729520994,orge
38,28,48,25.161045354644536,57.32206879164286,7.654064562355094,298.37311509910893,orge
36,29,48,22.50938267709035,54.4310102258999,7.566101368537309,205.8509631144227,orge
51,36,63,24.15630145872099,59.87436514441842,7.463616204138276,303.7666458712973,orge
48,38,45,25.841608073480806,55.30017917586194,7.543614791982194,319.78337571958986,orge
53,33,63,24.428066335709076,57.256606487501415,7.748346470524634,273.38582921416617,orge
48,31,56,18.41407978018932,56.43194430675487,8.236176564166506,341.11262888516916,orge
51,29,57,17.632655152020945,54.361701300684814,7.774076264107858,331.35276913791586,orge
52,38,59,18.472932427475374,56.87044378684329,7.980560666138838,244.93344794223458,orge
52,33,61,24.053039318916284,48.52546948217878,7.952281112818446,260.77957138629944,orge
44,30,57,21.375564001539413,58.689075403246655,7.477351361659743,201.0564371936213,orge
40,37,48,19.550766351010335,55.183310057831775,7.53679758545618,212.59438451700902,orge
36,36,49,16.493204384098913,59.661572763060185,8.264353234035987,224.55934368187565,orge
37,38,62,17.98889358787998,57.2393368412281,7.67831560716526,213.25954507201376,orge
36,38,47,21.926519547851232,51.24241419609237,7.46653851349727,347.9265195925542,orge
43,26,53,22.237444343597886,55.91215616994745,8.086505713528123,236.5562317856514,orge
47,38,49,19.904752818457887,55.62875318651738,8.031872737286502,226.0945558855008,orge
36,29,51,16.40593028796421,53.733561732038794,7.599874268444065,205.16048126801874,orge
40,35,61,24.752549856526382,51.164138285251646,7.90430441982148,294.50280209282414,orge
52,29,48,16.02915347603569,45.2500732589945,8.173534264245216,235.47123683580418,orge
52,35,52,24.70173110654668,59.38626363423605,7.492346363153915,307.605916109446,orge
53,29,55,23.3859733507789,47.1581423308467,7.30861900259178,202.9959398867042,orge
53,26,54,23.25598580129111,56.19629745014774,7.445517300387425,331.6967573749489,orge
35,39,60,23.94456204929898,53.82646860680178,7.510763099429906,235.50807137807493,orge
39,25,49,17.841304720403514,58.00517410365901,7.9692682917508355,267.21282309246146,orge
45,26,62,15.613007842710829,58.67591772512449,8.002082566884496,276.10846476277356,orge
50,25,61,21.22436966151739,58.7513400467812,8.100818099859751,267.6695104696762,orge
52,35,53,20.416037535713738,47.88473659176526,7.763936263454891,236.8727880533862,orge
40,38,50,20.355110331353604,59.02339569831763,7.937085888854716,334.80015523289956,orge
50,31,52,16.090607235053863,54.34431066275073,7.746874195200439,316.6977457356405,orge
43,39,64,19.469654540601447,58.89878074827572,8.010421815012412,262.8385437189378,orge
40,27,54,25.830334860137242,54.99610957042378,7.585404068463423,287.87125913228664,orge
37,26,51,18.370865702052672,59.433193651739174,8.264488225023856,243.4154552045033,orge
38,29,45,22.40761701802576,54.21749190382789,8.192469093952012,211.79400664846372,orge
36,29,57,19.475882745296907,48.31048612178003,7.833308362458741,349.39904736510493,orge
48,37,47,21.98791486094989,45.62339772408388,7.506797676044144,338.75968346705827,orge
50,34,61,25.621708145189725,50.12355580547352,7.638506879425473,201.06377191615564,orge
40,39,63,19.48731600204625,59.70391811724748,7.950113223419214,311.303367781964,orge
50,25,47,21.963936391458624,58.48535973974226,7.923743726087596,220.10373414784877,orge
35,29,54,16.532325725787057,52.80347940756038,7.337113319962302,212.10046510867662,orge
51,39,52,18.756163472692865,48.23414647864567,8.11371027075731,232.56548442048356,orge
48,30,49,18.18065367899566,59.283901175434856,7.349860146399164,222.48638798707094,orge
35,31,58,15.186660422470132,59.40550161933196,7.344588092734144,221.45929290851035,orge
36,32,53,15.158102469555555,45.7426894455344,7.899358587135803,251.25118607276812,orge
54,37,64,20.488647386428724,46.08319778002782,7.984435361069308,275.4830622287952,orge
40,33,47,22.13082649485604,47.585795431577495,8.172394563354816,291.9674358603862,orge
53,27,56,23.38787441553088,53.773963409680825,7.566231501498811,204.70140032883,orge
37,36,64,20.52056484126954,51.82435319591606,8.053475605446481,219.87059845128897,orge
67,38,85,18.894731228103872,56.2697612826037,8.397299358997042,328.42304329919904,olive
63,48,85,26.747660625539936,51.93353877610248,8.303997761839213,215.1748429419655,olive
62,46,87,24.967548149354045,51.44960876247307,7.99191482637061,248.00850903279365,olive
59,42,87,19.2680179912676,62.99893532893255,8.215502678090008,219.0665736300536,olive
65,37,87,22.532674607550213,62.797637183867,8.206924713807537,211.83947825576186,olive
66,41,80,27.502792236114068,58.035334556840446,8.075933346219935,327.23046928293434,olive
56,42,82,26.054662830405867,55.079168436689486,7.838803092258863,283.1281476507187,olive
58,35,86,27.177726524944397,63.62520815364515,8.22320187718077,279.16430980046715,olive
53,44,79,25.73167691746959,51.59398857188594,8.34489988474698,225.5807073347339,olive
66,41,85,26.773097361930354,54.35542828050021,7.857407518845731,244.7739647112445,olive
67,45,73,20.781121675538035,52.76652785876397,8.148261498812104,241.39232422357813,olive
51,43,75,22.18932977983946,61.6379759780418,8.037113069042102,284.5605652168099,olive
55,47,71,23.83426215144091,56.939154548854674,8.372810356607568,302.4989543941595,olive
56,48,79,20.675270302483423,57.7881046190519,7.9640590634745125,218.53497311023642,olive
62,49,89,23.448246756734317,54.046136988106504,8.291679104756419,298.8352709862286,olive
57,38,79,23.28068080932079,53.031214041297815,7.87705163212674,257.50817954479976,olive
60,49,86,25.86723014733541,57.64589112932269,8.010046958033808,222.6896426694014,olive
60,39,74,25.56310096980294,58.094926833547284,7.854238538588838,202.70435134383683,olive
64,38,73,24.993847409873673,51.680175696023085,8.39462510094999,279.927069842489,olive
51,45,77,26.75933022186205,61.74740043541854,7.917682668318408,276.83908458143907,olive
59,37,78,27.461868939912613,58.69657162643719,8.178152086745033,207.5484399401996,olive
63,42,80,18.324707716917484,61.15029343355019,8.306331212795774,220.40843516474644,olive
69,46,87,25.299235192858212,63.331197752207196,7.8431722085346705,267.50962556236374,olive
68,37,74,24.495429586036607,54.53934774393132,8.12198716877467,241.90092279148394,olive
66,45,71,26.855594435856315,50.15015615838705,8.417686430510653,285.75183175246076,olive
51,36,84,23.934964158218513,53.151766639103215,7.8814322089932825,345.5175329627648,olive
61,48,86,18.156959055962798,55.4014944617317,7.862875490597923,238.52450565877777,olive
54,42,75,25.827456742513867,64.06221758598657,8.284349154286614,223.37773048271652,olive
50,36,81,18.93632893333629,64.32594780689355,8.227648471238435,200.19021153732353,olive
51,45,79,18.904189777916606,64.2178485088049,7.980990084548172,250.58187356094288,olive
67,46,77,22.965154222306047,51.84977736612938,8.080679228681847,252.60646819881265,olive
54,35,86,20.679427501068478,57.80291911585829,8.19601941824963,202.2965879940358,olive
54,36,76,25.07228328335423,52.85572679445552,8.056705336015659,215.87075372847713,olive
63,39,87,27.559031723881823,51.05608043603771,8.048451840677611,275.4768750577017,olive
55,46,74,23.54099280395826,52.61747729596933,8.065092348906811,326.4717297544618,olive
65,46,80,22.194814850898197,55.86040305651423,8.266081579356303,232.32692863216533,olive
51,44,88,25.405095212183184,61.35390267690521,8.224701341379003,225.01810027755113,olive
59,43,89,18.914262688617093,58.35258042035362,8.424311191005886,243.0747147695836,olive
57,44,73,23.498769211562106,59.2937388924063,8.264443241590097,325.443696965369,olive
50,44,88,26.515371718979257,52.34919222338975,8.482332056935336,326.38073440979554,olive
51,46,75,18.97376729108004,54.54598641762652,8.246757090528428,252.5010302709768,olive
58,49,71,22.5275433770874,62.53310336815561,8.473128930903298,316.26227005086787,olive
50,49,75,19.949427689701597,62.403017707600426,8.19385879603192,314.3281266791123,olive
60,38,70,22.44440957671499,52.12425867479926,7.871747430432449,280.31974244854314,olive
59,36,78,19.427856366678846,55.841520201165096,8.466191684473376,247.95812740097813,olive
69,36,72,21.50186524331961,51.24886487075948,8.307190536411174,246.7268448520979,olive
60,42,76,22.852667423426215,61.668641101228054,8.067654331743139,266.4691017984372,olive
57,36,84,26.087994445011507,55.42652467883849,8.166978304376416,300.60909881639014,olive
65,47,78,21.421864057586575,52.91695278773471,8.193363676995267,247.1846226391048,olive
54,44,75,24.181029655616967,57.64263309836303,8.182024775845605,253.91357402462256,olive
63,42,79,24.68670884897893,54.73124586888025,8.277819495846913,330.7232812636082,olive
66,35,80,21.86368137136807,54.008880277205925,8.095057827757204,214.15962138557887,olive
57,35,73,27.00312239574491,59.97226986074406,7.873653688666718,300.80296432708025,olive
55,45,73,26.25248666652181,63.023046136684684,8.089892060205369,304.6796593028216,olive
56,46,76,18.375286575318032,58.53845318137172,8.444539594745253,345.2628695750612,olive
57,43,78,27.19634908028074,54.667921067060135,7.946340690146606,327.27233149006094,olive
61,35,71,22.698043214486816,56.831983580095425,8.20750136197032,253.51557355238768,olive
57,49,70,26.30202884345762,59.96018342101404,8.036857506147651,340.3284534138286,olive
65,48,82,25.181017379560224,58.721809218929366,8.463438707422505,208.054561789896,olive
54,47,80,18.278410512625864,53.699846702671664,8.121730326213049,294.2755850125352,olive
52,48,82,20.661079561692993,62.49787489678181,8.098753260535743,297.3102708313601,olive
69,45,70,24.93400853429044,64.85964105758268,7.9945237881914295,274.7283948760969,olive
65,42,79,22.403742230252107,58.23169788894518,8.357399978059961,287.46015266332154,olive
65,35,85,26.885992804371526,54.93610669191092,8.020211343389846,276.8132865047996,olive
58,38,81,20.052200872940716,52.84278564856065,7.887930929209365,246.6510505506331,olive
65,46,76,25.619343757430972,57.576733336160096,8.491859396705099,269.7916296913885,olive
52,36,75,23.867481189673427,51.54357632513001,8.311091131443497,258.08690723052126,olive
69,40,80,20.521439558389435,57.36215451902064,7.852873288409835,292.6799981618055,olive
69,39,78,27.544227803210738,63.11253382223103,8.295558641017996,307.0478111740614,olive
57,45,89,18.32486596690165,58.92915261656082,8.17743565588912,345.32220358667064,olive
57,35,81,26.410961706161014,64.9527392642216,8.101240221582351,248.04481137451137,olive
63,42,76,18.62479761357821,60.81836701248375,7.9612765500601945,302.7802180654799,olive
66,46,81,26.831930529236086,64.22297760114601,8.14072573384662,305.348746912956,olive
62,46,86,25.6635128055739,59.869248668068884,8.376727467137265,297.1279693355245,olive
58,48,84,27.246586095822465,57.75697838015957,7.881945089087304,279.22665821345254,olive
57,37,72,22.824930605276627,59.338630967491724,7.807032886738382,229.2260737483046,olive
57,36,89,21.836090403551584,56.36558039080452,8.300287262304636,290.56891359291774,olive
59,41,83,20.382094354756163,55.83012126006426,8.110591012920768,333.6970903409683,olive
56,49,79,25.80471138380155,53.017628484333194,7.856044381770276,271.16797697667846,olive
60,43,81,24.58399595377042,54.30150316336825,8.191731798951306,241.90177863968398,olive
68,44,74,18.52332857300663,61.74272926979987,8.391857567588392,319.86232186579315,olive
62,49,71,20.09417670821854,58.056251833851555,8.316053456499914,294.0971205515394,olive
51,47,85,24.761573334534454,63.616262003618566,8.310839358101576,310.31952928965245,olive
56,40,77,26.416154597578153,58.31930736816717,8.431141860640452,338.928947962194,olive
56,43,76,26.679666420021313,57.495248454243566,7.842940712138708,307.18435191397344,olive
53,44,75,26.049668338816854,64.50992167030205,7.988019253040218,274.22389274008196,olive
50,49,70,23.027834418466806,52.16654726232616,8.109446349182653,250.11569781298448,olive
62,39,89,20.94603332940456,53.8805760548643,7.81812724917464,242.7817616979998,olive
66,41,83,25.549325397850502,64.32762740717199,7.9681061172154095,248.52869206055567,olive
51,41,74,19.89932766230359,62.28120215576288,7.8816823839551295,298.4002031979664,olive
56,38,70,18.7850986845361,63.21887101644518,7.854515292363903,306.0205394315758,olive
65,42,89,21.76229378361191,63.88374513785408,8.152130623289915,299.31677387122687,olive
51,49,79,24.691541555348508,56.15455582808993,8.129490699643743,207.37225855177655,olive
62,45,83,21.01662241631149,55.76028610947437,8.398079659327976,312.34985261074354,olive
65,49,83,18.291237849891054,61.53661615260949,8.431336700224222,266.9531869144889,olive
69,45,71,19.167479027687957,51.935976872435944,8.175801402551834,340.4855327106259,olive
60,41,82,18.57094760509884,60.092388328371264,8.171296954229069,299.41785991154956,olive
64,44,77,25.254681684501627,51.698468348886884,8.084456483694224,272.76093637140434,olive
59,35,83,19.716781950432168,62.11747177739933,8.285014899387656,283.3806221298439,olive
56,41,80,26.177884305894196,58.23989547779023,8.450854205841352,342.1795162998603,olive
58,49,78,22.070767793789802,60.165223116765475,7.958713958828853,290.2972029461679,olive
55,37,80,22.105986972382667,63.47895365853455,8.427379701530105,302.85691532370214,olive
67,36,76,19.980030303075534,56.57032694525494,8.086120633965969,264.33784392405653,olive
69,36,80,20.511920046044672,54.80851379024749,7.894484940250149,244.42651483384978,olive
51,42,70,26.08357822498074,55.82087711391436,8.357175562720425,245.8634191268562,olive
53,49,81,25.444421678375537,52.27970273711077,7.891222591663904,251.84405555542384,olive
63,38,74,18.416440223399803,62.45953647029134,8.19993310348035,291.12076308628536,olive
62,42,71,23.275796224253504,59.83153967660992,7.963231288095131,329.66044807915966,olive
60,47,74,23.295726807126748,56.01323202691866,8.008175332443393,302.2587275618513,olive
52,38,79,25.901313737261084,53.26671202651353,8.273926470417408,320.481818486614,olive
59,44,88,21.588686909938588,59.15065018186627,8.067739122407817,245.6784783727075,olive
56,41,89,20.272076778320045,56.09609430201493,8.395882817153442,319.7726364395638,olive
69,39,88,24.61466205323652,63.54910433358371,7.8689827959890595,234.81178667992475,olive
67,46,79,26.57029028330578,56.226607652823986,7.862537931604306,265.667221594943,olive
56,39,85,25.72267556837506,51.132906290388306,8.37930685223649,264.15036287362534,olive
66,44,77,18.89700919014846,64.42315584321665,8.365083154528374,268.94491315346903,olive
67,45,79,21.445965957269717,52.41476647531062,8.194215071917768,341.5661180517224,olive
67,47,71,19.428459075919235,61.463773971040936,8.35298215001174,295.89432089981864,olive
56,47,79,27.945642566845248,60.18757549306989,7.851852435047313,348.92481975229634,olive
54,43,78,23.87347791243028,52.613160126070866,8.474024143924627,226.33696664519243,olive
25,31,41,23.993658391547527,54.302699684708,7.480455064760055,273.9624190350916,pois_chiche
25,29,54,23.780179965069294,58.16044947941863,7.7597957221797635,328.01731217535917,pois_chiche
24,39,47,18.626040714218696,51.692608167753264,8.070024925520165,345.4158451965428,pois_chiche
25,36,42,18.298061559016542,61.051918530652955,7.653416230624268,398.39199176595775,pois_chiche
29,31,41,19.408978967779884,58.284822460614166,7.798883094757317,291.16175815005624,pois_chiche
23,34,46,23.509754415822904,62.07640065199289,8.0505801973066,332.5817950929993,pois_chiche
32,34,45,16.999652528672144,51.5982687082417,7.888357624913657,288.9691624256741,pois_chiche
31,39,46,18.502757024045344,51.4706680716641,7.726817166050413,258.56486176677646,pois_chiche
30,36,49,18.921823410055055,58.03120003267202,7.988399530944912,372.71562524826226,pois_chiche
28,34,47,18.66963366060504,54.74703176092248,7.973995087294009,257.81086093319044,pois_chiche
20,35,43,22.460290043183946,57.630259260261184,7.25471417483364,330.32058618870076,pois_chiche
29,33,42,21.67828040179178,57.2333784550599,7.7203236261913855,396.2866802925938,pois_chiche
33,30,45,17.872821319765123,50.89887732981622,7.717599465053808,268.6651311920133,pois_chiche
20,29,47,23.45235525685216,51.33514602344013,7.7115256408094925,387.7782295664682,pois_chiche
33,29,41,19.122303269305092,51.591376694193634,7.870446665282509,293.325912171627,pois_chiche
23,29,41,17.33560143227575,51.81733191891478,7.285408482808266,386.41654960549465,pois_chiche
22,39,49,18.478925195267877,57.61263641703997,7.601252583203728,378.26175789545323,pois_chiche
34,31,40,21.5185895431811,59.03661664792164,7.307246833495846,326.2253209515945,pois_chiche
33,33,47,21.033174671762552,55.55439599661977,7.426151599802118,380.924535122998,pois_chiche
34,34,49,20.25888187889052,54.55046423321256,7.592839076481402,276.94768269330126,pois_chiche
28,36,52,20.02458080217287,51.243718720917215,7.820001333477408,301.03344916768856,pois_chiche
27,35,48,19.826269340088345,52.70955046911973,7.6856307340321255,355.6263334292035,pois_chiche
24,33,40,17.647098486132794,54.82529553051964,7.665486972439699,391.4793774540176,pois_chiche
30,38,45,16.850228092564286,62.62975292087339,7.682854764982946,348.9036080918266,pois_chiche
28,27,52,23.44004302232858,55.753510865109384,7.691737943018989,384.43543737192,pois_chiche
29,32,49,22.412315685752603,57.940859320213,7.681589140219362,352.0850262041073,pois_chiche
27,36,47,21.146957800558084,53.93765435724748,7.252347178431314,284.64689657920957,pois_chiche
20,38,42,19.017430334273946,63.55004009784058,7.26969069673012,258.732626811301,pois_chiche
23,27,44,18.334937416291197,52.59135977421631,7.579365598204187,386.6251340484631,pois_chiche
27,30,54,22.497436698342014,62.99034786020937,7.372168688552649,377.57674779655997,pois_chiche
31,28,50,16.316460052500904,56.04558136860698,7.849153964830872,354.71058196051024,pois_chiche
29,30,49,16.748160988783276,56.40668669629001,7.3287544373680555,392.14354877810007,pois_chiche
32,37,49,20.5546770552578,55.74093786976657,7.957189119681969,295.8472745254275,pois_chiche
28,25,53,21.384065330309415,50.70446633611501,7.766322880166531,364.4942367995923,pois_chiche
33,38,52,21.687154643684334,64.60049849228432,7.990567552691155,286.4418042530566,pois_chiche
30,32,43,16.056772259959097,62.29097346449739,7.559824900636566,331.11484469508144,pois_chiche
24,25,54,19.0007952425468,57.634126715139296,7.519043929872807,395.34517931234495,pois_chiche
31,39,41,18.385202850212444,51.89696368105357,8.042554501465181,304.32724041912275,pois_chiche
33,39,46,16.899088394578087,51.13445545751824,7.7770640452257025,346.39419028163974,pois_chiche
28,30,51,19.48837579294863,61.23008262876486,8.027924954545313,365.68646110497673,pois_chiche
28,27,41,20.069535525835008,60.81684134172149,7.552691120169735,298.85533173665533,pois_chiche
28,31,44,19.43558317662962,57.060589209739064,7.35737158334991,254.66021953666845,pois_chiche
23,37,54,18.790089979168705,60.40814802982424,7.35963275677344,384.44223282456824,pois_chiche
34,33,41,23.29261509810442,55.18430253351184,7.821507311138084,255.8199182093331,pois_chiche
30,35,40,18.94962339203169,60.35038735910982,7.587183274155934,301.91627502466116,pois_chiche
34,29,46,17.92995468830422,53.123477129123216,7.450482946749763,370.8858763800162,pois_chiche
26,34,41,21.6730175318875,50.3158667533448,7.23642544330172,385.381317226443,pois_chiche
30,27,43,17.825327310007246,61.100267002373194,7.509733248946012,378.81280384137756,pois_chiche
32,32,46,19.946732704419045,50.601036295224,8.18432197881404,307.5221683862564,pois_chiche
23,27,48,18.274306312763674,58.78667406396571,7.786767907844591,316.8594731354304,pois_chiche
31,38,41,23.974461701430833,52.305262037108704,8.062964046475475,289.9032065093203,pois_chiche
24,33,50,21.16837555277277,52.259164296027784,8.132648100542479,307.4588209631505,pois_chiche
23,25,53,17.641497143238457,57.30623816485367,8.078252467732346,329.08827249260156,pois_chiche
22,27,46,18.182351141598765,56.95327126827986,8.087837922592879,318.26863465491545,pois_chiche
33,25,49,23.286593762643168,64.14965167811225,7.7202304891030895,351.56406771754666,pois_chiche
33,37,47,19.600415444431135,55.06725564982346,7.588098735344157,286.34399938007,pois_chiche
29,27,46,18.92038053354081,56.486557500747544,7.823172424532187,261.1642627657773,pois_chiche
29,37,40,16.466202412484595,63.81744105041824,8.074417003666678,335.6639743651772,pois_chiche
26,31,43,19.46213665366555,57.26276747483895,7.848102127261071,252.75375759988358,pois_chiche
27,35,50,18.26400508343262,50.5696395135441,8.19459418722194,322.2979280239609,pois_chiche
31,25,40,16.345362326903533,54.644011176282504,7.520110141005901,375.7529356073524,pois_chiche
34,30,46,23.11799192236304,50.13748325275725,7.401399102793888,393.8536263959449,pois_chiche
29,30,43,18.5019289295072,57.29066297726981,7.864100671147891,329.2071173505699,pois_chiche
32,31,51,21.762666953327944,63.77427553069937,7.608040461602816,278.6916056556096,pois_chiche
23,29,47,18.488293338082695,54.9033989458341,7.2107983923895125,355.1516900642561,pois_chiche
26,39,52,16.979851334802376,58.01054169806985,8.079462693511891,311.50356801126145,pois_chiche
33,25,45,18.225149123591287,54.867599737534206,8.145122448744885,292.4001040811739,pois_chiche
29,32,45,20.217178354393443,61.45944794488427,7.205078812975727,387.6637963952741,pois_chiche
32,33,54,21.352428122535585,51.89425208876853,8.145776497246347,269.88611162267233,pois_chiche
34,28,41,23.46874514961001,60.799393090542196,7.953813712978368,282.8588759589825,pois_chiche
32,29,40,18.44956736385665,59.834441181714766,7.439258862751464,292.0791732783101,pois_chiche
21,39,53,20.06821945418858,54.77677950208707,7.930928035933033,293.1577651735044,pois_chiche
23,26,45,19.287463239702067,59.43828789512438,7.899312921155303,356.6682725522929,pois_chiche
30,29,47,17.056281415119965,61.3435038472432,7.4759282979500625,385.7442820254871,pois_chiche
30,36,42,19.026780653461174,61.24588620175315,7.296818730987218,321.40850532265927,pois_chiche
31,38,47,19.648796213300734,55.96660027296559,7.524705334258264,397.21713931436943,pois_chiche
32,37,50,22.16979852232323,53.42150566853578,8.122223318154859,338.885227414724,pois_chiche
28,33,40,18.03814069062896,63.71789230703084,7.31305296783451,363.6137655059987,pois_chiche
20,37,46,23.092923911914845,53.945542663083955,7.424559469268896,319.8258499791219,pois_chiche
25,26,42,18.952141859289384,52.03275310341131,7.718399626633065,266.8913844023831,pois_chiche
28,27,53,19.92555476741587,56.57917153909466,7.960311651104424,313.0499964147764,pois_chiche
26,32,41,17.366146080026695,54.00814843229111,7.709113385187521,272.11808761392024,pois_chiche
23,35,50,16.859314603489775,51.517457172763116,7.211332593204488,332.2951457791875,pois_chiche
34,38,52,17.052522453114836,54.534150507446725,8.095085172766314,395.80802119352325,pois_chiche
28,34,43,20.555812117304086,55.147607858109254,7.761584360966908,260.9713764217426,pois_chiche
26,36,49,20.35102336928894,55.07831041155577,7.673434933594049,341.97555411146755,pois_chiche
26,38,49,22.029444124343925,64.52168354609175,7.9795528687952615,253.3673872646987,pois_chiche
23,26,47,18.27609567793955,50.70591796815421,7.868546695113985,379.41561661888386,pois_chiche
29,25,47,18.579598477685195,56.60332589384248,8.0332096879578,389.411134910531,pois_chiche
30,34,50,20.41870410764402,50.757612062484235,7.2438810883687434,358.05598190983045,pois_chiche
32,33,50,18.606236349964945,62.25500725246446,7.608793017271172,299.0159647232568,pois_chiche
34,30,44,17.531916919264955,55.79354592948634,7.684858739716104,303.24926737209125,pois_chiche
24,34,43,16.986271419619303,52.211789007123514,7.229736261294603,260.75976067223627,pois_chiche
20,38,44,16.756450758195108,61.375771573848766,7.806013831936081,335.5468761739756,pois_chiche
29,37,50,23.048032678517664,57.91243916837392,8.024837159395739,378.49185043373893,pois_chiche
27,25,54,20.43860637202645,55.11530258384051,8.161864874347998,332.1109609001838,pois_chiche
20,33,40,17.285706793527886,64.67398195294211,7.358520234027409,323.1201753195961,pois_chiche
32,26,41,22.41295588785627,59.456264275720315,7.492925203403122,306.0310444471443,pois_chiche
20,36,51,23.309819952051676,62.494912078295,7.497570716440816,368.39359820156574,pois_chiche
21,29,53,19.53479227582186,61.56037956140351,7.464012846071893,250.8097813275516,pois_chiche
85,56,90,28.20733092344673,53.01462422080335,8.186054459405463,152.92350841971296,dattes
84,73,116,32.4283127646569,49.92386598938898,8.189069272215,91.742840325974,dattes
78,67,92,30.184929749422405,45.28463326313767,8.187246220014,85.97372018276525,dattes
89,65,105,30.09081828566471,52.445435266255956,8.279842683609264,130.97942398122805,dattes
80,57,98,31.195682247786596,50.13298552930085,8.621866011265755,146.80184632181042,dattes
83,71,92,29.962951255006395,48.16691998223753,8.134752440905533,171.255752753128,dattes
86,67,115,26.971060388236523,53.13044859851141,8.563594909129348,134.46158765682938,dattes
73,65,94,26.94547969699911,50.975193981812225,8.123318019469068,182.6772396973936,dattes
80,70,105,31.940723335309844,47.78744559361811,8.238446057435848,130.70472562686257,dattes
82,71,96,26.636084208437122,45.441506997062135,8.200789765052857,162.01213844647003,dattes
88,67,111,26.74786715045158,54.80650128886175,8.44892016994814,162.49242331290407,dattes
80,55,103,34.75870862783537,44.29388553074775,8.33904654813886,157.983670604309,dattes
85,68,104,30.59993671463558,51.08392444196433,8.650090111270538,95.4295494214003,dattes
75,65,106,28.013917957663594,49.38975870876931,8.12043567044978,136.28480559991556,dattes
74,65,93,30.131700163305645,47.43536155343071,8.266187323187085,88.54162835817034,dattes
76,58,112,28.55793127820993,47.742022070117464,8.243870535405014,162.54921097463892,dattes
80,74,92,26.818084656669498,41.288655823042305,8.571295312739933,103.54811380254267,dattes
74,58,115,31.531367332918556,42.22724774507927,8.443440564678362,143.25780579503174,dattes
81,57,99,31.637343606939385,49.986766022033066,8.228979445791996,135.21231518692255,dattes
81,55,92,30.20456092139383,52.91216294030106,8.004354967353352,84.2209557837916,dattes
73,71,103,32.53610131477987,54.33459192585133,8.617671619105028,181.08456005819863,dattes
78,58,110,33.33574109645737,42.92663230036315,8.714089062435319,135.0379877697291,dattes
75,65,98,25.93990929416602,44.36083461430998,8.786985483197606,195.28577020037807,dattes
88,68,106,33.455511954969,49.164392491483824,8.032099696208808,188.17361954460554,dattes
70,67,95,33.366202103676585,49.76182481270353,8.491335080255114,120.09716268606346,dattes
74,60,105,25.200459995325648,48.738533638222165,8.559066936356826,182.46391922302442,dattes
79,63,102,29.467395253113928,45.144497795501174,8.110596452507245,132.73584492301305,dattes
82,67,90,33.777129606969396,52.19724982545721,8.766264173980222,186.05144185496383,dattes
76,67,118,26.70259152125436,44.07561278281139,8.170181572904218,152.43029451898468,dattes
70,59,106,27.128500860383575,50.03129881674721,8.434302505888645,179.94723138646754,dattes
70,59,95,30.568183602783076,54.195679800375565,8.331998206696603,119.23305203056339,dattes
70,55,97,33.369278328446235,54.9322541609983,8.018054866561902,93.54297736553147,dattes
87,74,99,27.392110880342187,51.80463699071801,8.045105483082585,124.32591770991021,dattes
78,64,108,34.59112291996294,53.96635435762022,8.631503460482863,166.8073626625914,dattes
87,63,102,29.275057037133664,44.08360813759067,8.30732860636277,180.31225880198093,dattes
80,55,110,32.89040604202047,45.26463435889137,8.32372299331884,127.24182631887354,dattes
70,56,108,30.909160928272268,54.83825025130879,8.13346376396021,85.60217838791286,dattes
75,58,119,31.037442885632565,41.578977437206376,8.458146252685353,140.06970673379584,dattes
77,71,94,29.495989060077374,42.82948369636112,8.406317932802706,143.4301041724931,dattes
83,57,94,26.133870955525726,50.80924435995573,8.400244125083612,187.2919443327391,dattes
77,60,117,25.376973904226706,45.50754438542534,8.433839980496863,97.7720958352553,dattes
79,70,119,27.23778386270976,53.988041287033354,8.390483557681103,155.65377387895882,dattes
70,70,108,28.943411463506642,40.01926638290202,8.096127406988497,144.1465453707247,dattes
82,62,105,32.3067901152839,47.82793442998268,8.05934095647545,103.04195011615386,dattes
74,70,107,34.975825929459724,53.30413166324301,8.6483492684925,124.91671920875896,dattes
74,62,108,26.76682314176305,48.70342798298712,8.723227989163648,118.42174009141263,dattes
76,70,105,33.80881423774737,52.0862033826718,8.482009090859783,115.49872622982357,dattes
85,60,111,27.452793049743672,46.72611761523899,8.256428933445196,169.33031045759913,dattes
82,62,113,30.658630735596194,42.3585349764135,8.552498193665073,141.61213965509842,dattes
87,66,98,29.404345706560463,53.51766434826033,8.600535211425324,138.6325911053582,dattes
86,56,103,34.83597299738774,50.01026744575594,8.035077481997304,119.19462868976106,dattes
82,64,114,34.74349456524031,40.6939287601,8.284619267360528,105.54731055919922,dattes
86,58,106,28.19589426259998,48.87711861494989,8.057783478617983,97.69436111194155,dattes
80,67,97,32.52409233212009,51.299693978188856,8.573060274780824,160.32625084038432,dattes
78,61,112,31.214644226567845,51.66816558305316,8.400286688307512,122.90159941126844,dattes
88,70,110,31.928011986299087,53.064513997938136,8.273867265968793,172.37267688627026,dattes
82,69,103,34.743049631104775,54.79492260340189,8.410084042417271,192.11237497566523,dattes
70,59,102,27.66899288098772,53.942585580522234,8.137957111179087,149.55589498421818,dattes
84,62,92,25.936574526074743,51.52134067628,8.59777971607087,117.40439857913744,dattes
75,62,90,30.695212786820328,51.075269156817924,8.113216961959969,185.89642339317626,dattes
80,69,90,31.781225015366466,46.21644718700555,8.551627367124333,121.27755635796441,dattes
89,67,90,25.999852474837766,40.503188071182365,8.448319163055954,163.3793095193751,dattes
76,74,108,30.54181255448799,51.43049081558577,8.429903352355085,180.89420863269373,dattes
82,68,112,27.37070391174178,46.70909452235683,8.057901114555298,194.4957969885287,dattes
75,56,102,31.397752015704224,40.820269311300486,8.325905823295313,101.28913641454189,dattes
85,56,97,25.54787047923549,46.323313723270516,8.566028350196355,135.52253980253926,dattes
77,58,100,25.00789511093219,52.15210136118192,8.070059650388991,156.06197824823886,dattes
88,62,103,26.625156447571154,50.112964342973946,8.106775103425703,176.70292464008742,dattes
88,72,98,29.447558982020126,40.696504832242184,8.010986550466063,190.57032018515932,dattes
73,66,98,33.15354623855561,53.33978139892479,8.415518148226774,147.803902997114,dattes
83,72,95,30.594752594563463,40.21801202898986,8.064759761617886,149.26059519487956,dattes
80,61,106,30.27834037561274,51.8189640765665,8.672320265191473,157.76379887970342,dattes
70,70,94,28.342153372601146,40.386136146208244,8.2728382982645,176.39654882216402,dattes
72,67,102,34.32641062553985,49.48708303617216,8.230636643643406,156.61460847825725,dattes
84,62,96,29.892162486880906,45.1290174036209,8.739374747874129,82.92691917321162,dattes
70,73,118,27.19320401211382,46.43331147025316,8.521811204755016,167.25574362583131,dattes
72,60,95,26.645253723928125,43.50370651333539,8.21077875655508,84.53841638624424,dattes
74,63,99,28.152167373772862,41.72951635508574,8.085593008939698,166.33519612039663,dattes
87,66,116,25.20909512335235,43.34635027668034,8.045212552637405,92.40739239560499,dattes
70,59,116,27.534937532571902,54.108059516544216,8.724755174341013,148.0167326012559,dattes
87,71,91,29.11852283144497,50.91368983202416,8.361311196415071,182.8075935807077,dattes
72,65,118,29.368600365571265,45.88573151399082,8.324172098639423,95.06290174734511,dattes
73,60,110,26.582862560590982,46.83491232329638,8.4845593923679,163.02366897930133,dattes
86,68,98,30.683191510779256,46.59261670671328,8.05379250724163,135.7627362134198,dattes
84,67,108,33.66427402898756,40.499847991592624,8.730229908309221,94.20346734215576,dattes
79,63,96,32.90259903941694,44.43629251930494,8.396523136706598,130.5342685320898,dattes
85,67,97,26.363711050294583,42.950328373468196,8.044265909730678,103.77568901882924,dattes
81,60,117,34.73144711426909,42.90575576164447,8.276662856247675,122.94093903698399,dattes
76,72,97,32.76486881315667,51.237367347647975,8.263019429994072,153.30321002202203,dattes
84,68,118,31.537779229561565,45.805750179023306,8.517777826718286,85.37220664261842,dattes
75,65,115,30.49622301106035,53.31726460503729,8.083728507126317,178.71775126326673,dattes
85,69,100,34.44967063640076,47.22705163808412,8.456971127691839,179.06369880160992,dattes
72,74,102,29.90613575898199,52.73151377921971,8.564846491710425,138.85452902237415,dattes
84,74,92,30.770204016905584,43.3172141516604,8.215295802110408,176.37597067234952,dattes
81,55,108,28.095593015130735,44.38454569832256,8.648869796960208,90.50906880994097,dattes
85,65,113,29.12911189589213,48.06240630509852,8.039439729927336,80.28169686409439,dattes
78,67,100,31.4357622273982,41.62116240499582,8.348995558691454,196.63410143117667,dattes
89,73,106,27.606663825621016,52.80019746413086,8.690793160370255,172.70271101150533,dattes
70,74,103,32.281833571884825,44.862027607491946,8.781938358170999,84.48235237226659,dattes
70,73,102,30.852608755098466,45.39008485773681,8.380287254144696,123.621734884312,dattes
79,63,98,26.639202620469447,45.72113214854685,8.112694883160689,154.99325244893984,dattes
83,64,112,31.63502069405257,45.18595378289497,8.137118649859802,89.47767192394781,dattes
84,60,92,33.2645365245498,53.70647504955698,8.7039436509107,199.96895267097113,dattes
80,61,93,28.149332274589327,41.93468361890748,8.37476898966967,151.79672908352225,dattes
74,73,115,27.3400528716037,41.26581921842481,8.20737226701759,82.27131686137561,dattes
80,61,118,28.520165825018783,46.16213501514521,8.014697323630484,112.4626136206216,dattes
74,57,116,29.47213740793785,44.64593832626995,8.386248074662696,118.76852820869014,dattes
72,62,118,26.369822223095277,50.30299740602365,8.730639769280028,153.029978556789,dattes
87,63,91,27.73159620369945,43.14278836468798,8.364262999846883,189.01250574467178,dattes
89,72,99,28.453439779263302,54.865847631086304,8.081562039664222,128.5574034128119,dattes
89,70,109,27.57365458401634,50.402647555694806,8.031768966057799,180.72896451311263,dattes
73,71,102,28.988215269240573,47.83189740148265,8.321233390404226,116.05865103591667,dattes
75,64,101,33.940913692578455,47.468037707714785,8.673446967223056,176.16224699242983,dattes
78,74,108,29.060821325597708,52.3932606366283,8.182106028655515,142.93236150292992,dattes
75,65,101,31.422096370026974,43.68447361073222,8.087423556294528,175.32610701114277,dattes
83,57,107,27.69052228742163,52.178344653524746,8.426782780725034,86.3307937798509,dattes
70,72,115,32.050632842053794,46.76479753972516,8.080602275167662,164.90273827736513,dattes
72,55,97,32.10987941463683,46.58562233231722,8.090237535093262,164.7058933618066,dattes
81,67,117,28.97634985732753,45.04469091257433,8.187587205426537,137.67776339748906,dattes
76,58,109,29.334636997331238,45.95091400702579,8.750443082843145,98.37617607252847,dattes
71,61,106,33.20276859768654,43.13982724070526,8.192702450964386,95.58785654441729,dattes
70,56,118,28.312083023285215,44.23748089931447,8.444127783832124,167.64995180236826,dattes
79,69,99,29.86057541902681,44.70673214958593,8.113475518093589,105.65614527952795,dattes
73,63,105,29.479436402077035,47.95709780796688,8.33261945086526,182.04523031596466,dattes
85,58,111,33.62675162945726,46.64980481159048,8.468690440422337,197.12939989670227,dattes
80,57,109,29.09225480191796,51.22350574740264,8.09076975336526,109.70774097701415,dattes
81,68,114,25.474156361400848,52.01757254942987,8.483504575266247,103.8251430641842,dattes
73,56,115,32.70411787068644,47.494276179981426,8.244171624103087,196.84910984461922,dattes
86,68,111,28.31016259494895,51.104545898486265,8.250208581937454,179.21685353372393,dattes
85,72,112,31.28905144923615,41.769080123113504,8.523952883653857,113.99558335972426,dattes
82,58,108,30.201829357323938,48.5069306129856,8.448920917337565,137.0356488587907,dattes
89,59,116,28.96247346816406,54.457264917822705,8.431184699560097,114.54554040018135,dattes
79,64,118,31.448560434297267,45.60908070405662,8.760753081492668,82.66433755854204,dattes
84,73,107,33.23801749920538,41.547201413175415,8.75441656771659,175.40874574173966,dattes
89,57,99,33.69929562396994,41.89292636539355,8.542315934796871,148.64655670176577,dattes
88,56,114,29.206302368788194,47.214124121264554,8.301049453563998,123.582694845947,dattes
88,57,118,26.947938026439267,52.240502534531025,8.642048598521303,138.36699537066727,dattes
75,55,97,26.980309466310935,42.01179434064685,8.045121086208633,184.19564217935934,dattes
80,73,118,34.95802367779919,44.332149549311346,8.119414410135398,108.91955095951016,dattes
79,60,106,31.951964597032113,41.80376479856102,8.184587421284895,122.08847580851705,dattes
77,67,118,31.889999849885683,48.50518488130258,8.546873940177496,80.34105843967669,dattes
70,72,94,28.772519857156954,49.96111181799751,8.204069777937118,95.2440291167878,dattes
71,61,99,33.10828113362271,54.71479454198025,8.741238224600782,187.77486016554545,dattes
81,71,105,30.06549999908547,48.44245355821904,8.250694155565823,115.41306322211423,dattes
79,56,96,27.49203770591287,45.12798402643526,8.134608355470403,149.7981599207608,dattes
84,60,109,27.029935591911972,46.77803566978417,8.637558003212517,150.85113237294695,dattes
74,58,111,26.526581645407838,50.65259899885241,8.541873476865213,82.93122595287599,dattes
82,69,94,28.599140362153634,50.01709329979926,8.0324767882419,126.89035814804049,dattes
87,74,93,29.128393977589063,52.897817355026824,8.201451761607306,197.72353869380913,dattes
77,66,105,25.347399474447815,44.79819365001645,8.477326313597672,152.57621142127567,dattes
74,70,98,31.960314069891137,45.13712828779456,8.08636995848867,88.35750412979188,dattes
79,63,93,32.42201009121133,47.646032650059055,8.337956632024703,127.77046138834771,dattes
70,56,102,27.25763074875028,40.37709588634471,8.578344537790883,177.24372797113244,dattes
88,65,118,29.41274336750069,40.26936795625227,8.059608369454912,141.2471265618448,dattes
79,74,107,32.84536518684895,41.39946783215115,8.416699229307909,180.36610827574708,dattes
72,62,111,25.283374503833848,52.42795389372263,8.630620166536664,111.08421729240166,dattes
84,59,101,30.86208166190509,51.46383511036212,8.79452328287213,170.99631406526223,dattes
88,57,112,29.76753875508328,44.06011908947934,8.02333653485926,152.61219466845807,dattes
72,66,116,26.0539693482914,42.76976868840546,8.272875453269922,145.2247575890091,dattes
74,73,110,26.259406410475005,53.54646260573965,8.691384481809246,135.7499317327095,dattes
75,59,103,26.26712735234239,48.49444215586131,8.31872037328754,114.1514953443102,dattes
80,71,107,31.07959350832342,48.63677816334118,8.130899200168187,94.990377288876,dattes
85,55,105,33.11162603879132,40.492382482288605,8.374287570107327,157.59453603890665,dattes
83,70,100,33.341386605235854,47.34556047786783,8.610056890233242,180.00531493179966,dattes
88,65,98,30.308590342884756,40.77528519866698,8.12682892679994,177.5231652050939,dattes
85,74,105,29.533706056041574,47.75681332169996,8.610888383691327,133.67989119994252,dattes
86,68,96,26.130997394238225,42.34497157589258,8.349626980359817,127.62672717068475,dattes
84,72,92,29.68818958015241,44.406428095410796,8.221877409379704,140.02777747109621,dattes
76,62,108,30.14927508860672,42.5601615295335,8.530325001875653,182.30464890271605,dattes
81,67,114,29.703715673848663,54.34368933804501,8.613364190397453,196.34682502678226,dattes
88,58,108,32.88159788135707,50.56156541157455,8.471783228861174,133.98953373026063,dattes
85,59,110,28.17000969734304,52.749813897535155,8.67702986918917,122.76399653060679,dattes
89,60,96,29.23930535029666,40.99709695313757,8.001267715573071,142.7950955466794,dattes
73,73,101,28.502723706693274,46.78274409040162,8.106812441082255,85.75492789243852,dattes
77,65,105,32.45892265065482,45.674108405243096,8.378538121304766,155.64772775297922,dattes
84,60,116,32.83316890219361,44.025096869119864,8.558377432738892,80.18953052934943,dattes
85,55,102,26.990823128279576,48.815548425122145,8.051234819091832,183.49209561693883,dattes
83,67,92,28.338149117092374,50.9155955509145,8.53540567406372,88.61775005166989,dattes
82,63,117,29.162170310323145,42.69488933544868,8.55128726518946,147.80867396440323,dattes
77,70,103,27.41960635674496,44.17697936373019,8.717178285807437,156.34625944032138,dattes
88,67,98,34.11872484845007,51.084187698680914,8.158259543073058,181.20479848100064,dattes
85,62,118,34.621859094918,53.52228776651124,8.216306588248525,176.42501321917132,dattes
76,69,105,34.6405413013149,41.43361671493902,8.018039377224069,86.68995181643936,dattes
89,67,97,32.21257907933825,50.15659549294418,8.418058256209449,173.8343140366582,dattes
76,69,118,25.030208713561613,43.71898674708711,8.742233183500254,191.85606984779395,dattes
82,66,94,25.91482957929647,47.70813752167351,8.185266393031199,101.74616523363407,dattes
89,62,106,29.686516369963854,54.0786735937905,8.148665644452274,197.35921084858813,dattes
73,55,96,25.22272455067224,53.03682421421552,8.443302972968365,153.04675306138597,dattes
85,64,111,26.533648274157457,50.99991863075293,8.00032823155134,151.54192032828522,dattes
86,73,107,29.520885103389723,52.857894303802084,8.038716705556613,97.82209091085409,dattes
87,57,109,28.564766708477876,42.44164151538053,8.391307225372726,175.26119514414336,dattes
74,60,96,30.37416938599807,40.3375649114303,8.355290404140325,173.76274620742404,dattes
77,61,104,25.1803200982523,48.35571379288351,8.629879078727766,144.96024592415208,dattes
84,68,93,34.5587004326852,51.01162871846354,8.529354641353203,178.03492248731146,dattes
75,65,97,28.980548406789378,47.70450075892977,8.642436419740704,124.8380355647581,dattes
81,66,105,34.14584435221748,41.365544724181625,8.518567341958844,129.58333745633573,dattes
83,64,101,30.630129431716632,45.34932698239078,8.230562155080031,110.8390082373137,dattes
78,74,98,31.561460918474424,53.22782201231024,8.38822457368816,145.04400141166423,dattes
79,58,94,28.145815465462274,43.03124747511885,8.76211370464069,133.27858572104364,dattes
73,56,103,33.61062936479719,41.04792881026992,8.542088945679676,100.73840617477427,dattes
74,63,109,27.158042510596935,42.37955779974398,8.250146132022234,92.70988275545282,dattes
86,71,112,33.73575305759734,51.44198579313708,8.41046177469444,160.4896640566128,dattes
88,57,95,29.028900310500486,53.60864750915618,8.59225042467516,145.14096492008895,dattes
74,55,98,28.668058851400055,46.0406747447755,8.001084419598358,139.65071712209564,dattes
79,62,101,29.877188683153694,49.459542857944754,8.063615770637199,138.56458691381,dattes
79,74,98,29.181315997936228,53.6652354996883,8.794530991146784,92.73104599375425,dattes
83,62,95,34.58327686481387,41.465609130801376,8.01199880030171,99.33200279077067,dattes
70,65,117,30.025476067220232,52.72626589645766,8.016321288550564,152.53867787101512,dattes
76,62,108,29.67241344408837,43.60127052904966,8.715678298680778,145.10574347607752,dattes
82,68,92,33.08977749613709,52.00546282683018,8.3656191617541,152.78146703878627,dattes
84,67,94,30.46625645943246,48.30235405298236,8.397119137341667,116.7201168299801,dattes
85,61,90,32.18603740690196,43.20605031972866,8.157562904166976,129.5309984332872,dattes
81,66,103,26.12098510350759,46.61148702154812,8.383176449162777,187.63928938228088,dattes
85,64,102,29.851319077143348,54.60670751468393,8.00655865690477,187.8578449767616,dattes
88,62,103,30.588408709546666,50.60546753984326,8.141985467992809,110.26677610767426,dattes
83,73,117,27.21078873693442,47.686596531158266,8.436722047413447,84.11133473522052,dattes
85,64,108,32.09933073434246,48.00588120507167,8.11506757679225,81.10899060866173,dattes
82,65,100,33.81674510286872,45.919901319249185,8.549259433659827,129.99106733410383,dattes
74,61,91,30.237584965528498,40.367203987197996,8.632562322996892,81.42773986941867,dattes
79,71,115,34.628704940018096,48.8420620463987,8.376938047502513,148.80819510772446,dattes
63,49,80,24.372543636571372,48.9395041854911,8.252210519857606,211.60741768428667,olive
69,50,82,28.377028510419287,52.59124643610767,8.35860961550521,224.93974725893725,olive
57,49,93,30.452255581607396,52.881479974644634,8.345752772906797,232.5024551533156,olive
58,56,76,24.200662547846918,50.82796722009063,8.432863618553396,208.66335104039726,olive
71,59,85,23.76089287943854,56.14999370348485,8.126034943425086,168.12512052516456,olive
62,48,81,26.806701123050768,51.719931820033025,8.060389761216289,163.91729182461694,olive
69,42,88,26.318436923120295,45.80898874261307,8.25827325519463,175.71092130705276,olive
74,43,77,26.807234564689733,58.97347470011878,8.353940347618268,212.1885476967126,olive
71,53,84,24.133630680329713,50.77576018805425,8.369803984500068,162.6458508803054,olive
61,54,94,23.64392684328414,57.06163869091698,8.395980507233357,119.07717838253303,olive
68,48,91,31.076163862252272,57.6965276446096,8.245223229960487,105.55779905402392,olive
60,55,79,24.30638640214264,56.5931090457278,8.169484963086411,121.46220931259708,olive
74,59,87,26.358483595136082,51.78411768433708,8.008054109274669,117.55676090594892,olive
57,44,90,22.577881970198643,47.109800088505004,8.358315968351016,165.59224723669263,olive
70,41,94,27.06770040717788,46.898179667945655,8.238310228155271,214.5422948442485,olive
62,45,86,23.469089090229268,53.282412404565186,8.376408513044405,142.29990290274574,olive
68,44,83,22.40509172941322,46.843667738133675,8.101535296460032,160.29278869228293,olive
68,53,86,28.54621193515463,55.63971442205225,8.29309117704417,153.58629522552042,olive
70,42,81,22.83873738552012,59.89205967279022,8.063591226816255,110.8522575754086,olive
60,49,90,28.502969740735075,49.93508594493349,8.195727135397236,139.31694580251948,olive
73,51,80,27.115361942347917,59.15347825735466,8.020940196919387,175.46024839480424,olive
62,56,83,27.73499584935216,57.80444892791935,8.120963864059618,231.4438522785906,olive
58,57,79,31.33113221168653,54.857964924600935,8.219514621990225,106.7321524709077,olive
59,56,87,22.28996744335948,55.34731606993143,8.24091862678813,118.6517976163616,olive
59,58,88,28.220294792520093,52.58613447533167,8.408551066501307,229.15132319620204,olive
68,50,88,30.326832236200513,48.01243125262381,8.226021888289901,203.77703199189523,olive
72,42,87,24.242583831512317,46.476520635674845,8.458403289037388,184.02578433510376,olive
65,54,84,31.149299366292826,47.54345277856664,8.408706227634555,239.98375919786923,olive
55,40,89,30.104329135731703,55.34552302292803,8.36243542678994,204.71753861252853,olive
69,43,78,25.95480028031657,47.61975098183052,8.42439562638792,144.72923168133983,olive
74,48,83,22.518820775939922,59.133505792367494,8.263612989125242,148.7586465087723,olive
56,52,78,29.55437272515581,54.100793696733476,8.313391908525922,195.70048528243723,olive
62,51,83,23.47746324437961,51.42185051727562,8.097853875819395,104.17746663741336,olive
60,49,82,30.30689605198014,47.16155944549449,8.487339205403558,190.58108677392852,olive
67,58,86,27.270709385134584,45.573041756360865,8.307607448298457,224.20649286613784,olive
60,50,91,22.05928215336878,53.88661133097689,8.423703067464618,153.53498307621322,olive
65,51,87,24.27421728723529,47.569868166815624,8.333800856791617,191.41679459909182,olive
74,47,82,30.935345834984368,50.838995952135726,8.156684703215179,169.35421708716086,olive
57,53,82,24.661583860511765,48.226808955690615,8.412688988934486,248.06235460089553,olive
74,40,90,25.98565961600054,47.551954910754134,8.380943639445377,216.0211026734152,olive
58,41,84,27.619813416263792,48.21383151514777,8.170441507746178,217.74334229297614,olive
69,48,85,22.11644899503096,53.3521821471111,8.330762162073087,188.78716066286052,olive
70,45,85,27.494895735118206,55.176288775705686,8.303854555915963,159.09667433758653,olive
74,40,83,28.938453862722664,54.68098011468727,8.343686232878904,155.87911792041922,olive
67,50,83,28.486950425330356,54.56168068076853,8.276713850393534,101.70845021328292,olive
68,58,86,28.882332773356495,52.68873940270705,8.229328979746185,196.34794764636166,olive
58,55,86,31.517655161423267,56.86159595598051,8.186963934853392,184.4218916430445,olive
59,57,89,24.507983351119627,55.345524635469346,8.426073873900005,183.87788199697724,olive
70,56,94,23.61597955958021,46.775311519898814,8.380339880610483,239.12553269448634,olive
71,58,75,31.14457650880941,46.35170449401217,8.385240726559514,192.52253265633627,olive
68,42,84,24.725577488154006,58.0731852106219,8.24249614228875,145.83646889917387,olive
64,41,78,30.079656892607574,50.521284564993216,8.062539113408162,106.22489565785672,olive
74,58,83,22.217388380637075,52.8085581644876,8.195885871006002,186.56834048716632,olive
67,51,84,31.84644369373366,47.07398015815306,8.214868504464889,163.72461049649667,olive
70,51,83,22.300202257173364,50.958412943493485,8.285660007716551,242.96869187619475,olive
56,47,84,25.07724189364371,46.67390887150001,8.419882362019301,249.57553771385867,olive
69,56,92,31.41633181485203,55.66694277004635,8.147819165889818,187.15697369258726,olive
69,55,90,23.780203242922703,57.37021858841905,8.13805931622173,239.55499868522944,olive
63,41,91,29.516797670314233,51.343026135886305,8.25857518114194,155.4998328939966,olive
61,41,90,27.23258512938657,45.67673817902189,8.46672050358543,205.8234322867952,olive
60,52,92,29.47743425927611,51.616742461475006,8.366810914643974,193.75401817154935,olive
59,58,92,23.02074924766098,54.02116083005417,8.436910910581126,117.97371380639008,olive
74,43,76,27.764055514536334,56.880046891952944,8.162156831937791,207.42468072664167,olive
60,55,76,31.305292676740187,56.99517620480402,8.216400780613158,173.96150646813612,olive
72,51,81,24.389046956675767,45.62732435679698,8.311944471581485,184.3768178702975,olive
66,58,82,27.506132979851436,48.75872364891289,8.198864487811361,164.21703546208624,olive
61,52,75,30.93001362396497,55.78767036077969,8.292496366802911,203.38924531989323,olive
74,56,91,27.351205076734047,55.34412028500612,8.339623500662137,137.84184393652546,olive
55,50,92,29.93298076698735,50.398238966318324,8.46938006358188,180.08926607486515,olive
64,44,84,27.114675400426172,56.00880555431551,8.20552359677803,153.26976460385745,olive
63,44,76,27.441801159419537,53.15204804972045,8.248576907941436,120.2178677376157,olive
55,43,87,25.103980952958448,54.8416672571725,8.105230873841606,147.73824959191313,olive
59,41,83,23.082266467655487,58.99965570522508,8.166756176831434,132.8455190658702,olive
57,49,91,27.349040863826442,50.227637246731284,8.06603340538452,139.8842863040893,olive
68,44,85,28.218245645904158,54.020394109175314,8.273024965941383,188.54697584876027,olive
70,47,87,22.057706612929678,51.43984148556293,8.203942463425179,117.09179041668153,olive
71,41,83,29.208932190520976,55.92706418337888,8.000026413466149,243.08812057700834,olive
69,43,78,27.545968855459897,57.647668809792606,8.240490123023164,130.90355853731265,olive
66,59,90,28.785473414181606,53.558421069369096,8.472814838874498,166.4405682601654,olive
68,55,88,31.32846221360299,46.141270901482606,8.250559850412674,203.04286620781573,olive
73,42,86,24.415850006708332,53.323003754987354,8.398092974216935,100.56515418257996,olive
73,50,90,25.1815218580416,51.77134505407456,8.12348161208091,218.48286069277643,olive
66,49,77,25.92526198417827,49.37076579031098,8.411368243021716,167.71115056503535,olive
65,51,85,30.903025571135203,50.75923341394459,8.36840841591485,171.39133263215862,olive
57,59,90,22.556728149539754,56.962761100438286,8.077030826430324,193.7719137600031,olive
66,55,92,28.954884591776505,55.47953384147934,8.351967953663916,173.87827810307624,olive
72,53,79,23.99380819010627,49.614826310345045,8.021167246259152,195.03029404242554,olive
69,54,93,29.574021983310274,50.35405946922202,8.494759979750434,139.38585571539355,olive
74,54,77,25.30794994781043,47.67994208008655,8.382666215467273,217.94827092041157,olive
70,44,79,23.46016905592108,49.33767380784665,8.154882657071452,178.28266928912174,olive
70,53,79,30.10516486586372,59.647529604690185,8.322336143036143,141.68003502158413,olive
58,45,90,26.17969543586527,59.143690670876346,8.360755889921712,113.21898542508366,olive
64,48,78,28.436792359571644,54.13955578434761,8.233678644165806,193.9728459956136,olive
72,52,87,27.48841755593474,53.07489558014868,8.282536895740053,242.30573773587713,olive
59,45,80,27.411615591006584,46.32730343548521,8.01319180900277,218.67957431270474,olive
62,44,76,29.317760950376723,47.47101013331586,8.175677967327463,139.7299386720357,olive
60,50,75,25.67847181142801,53.328949839119105,8.049965938527205,220.75265398519417,olive
71,47,87,29.253896016618327,48.14491383167551,8.442337492476675,192.43363774104296,olive
72,42,91,31.77369060777636,57.653804183903105,8.089125071978982,235.6907879669304,olive
69,54,89,29.657842927157244,51.61801653319399,8.358238131321084,157.97405842958705,olive
49,47,65,23.106009713953295,51.914543883188095,8.271800959748898,220.3958166759234,amandier
53,42,62,20.58297203862357,59.97631850885661,8.326681717603627,262.3074311182347,amandier
60,37,75,25.60812341777517,48.42613442351158,8.375547808715393,188.42829607554876,amandier
53,46,71,21.79608738827303,56.025347972672556,7.932034363329842,164.7515728915671,amandier
50,39,78,28.02679162705919,57.13549049260998,7.971713301941357,229.97966636402646,amandier
60,41,67,28.62879284099225,46.19784636873385,8.344589098191918,214.09378358773512,amandier
56,45,78,24.094479376273092,58.144709548732635,8.008585856263588,151.5432750670167,amandier
53,41,66,23.759383754032932,53.02309133638133,8.413618683184513,268.6230570499479,amandier
47,47,69,23.391308154847028,46.05757433352386,8.206026941530645,243.56029428990888,amandier
51,43,76,21.290367878104366,52.89779171599854,8.077015804356703,173.44627587661475,amandier
47,46,76,23.12128276878106,45.1889255725414,7.867204862554306,188.62250849250054,amandier
48,39,65,20.86862907986183,55.52570451099143,7.836849478839013,157.7101563241426,amandier
51,47,75,20.708717006548735,53.97273668313004,7.985083008550752,218.59117938903202,amandier
57,41,64,22.130573507330062,54.2413848172499,8.062672486015835,277.94514092341325,amandier
60,44,79,28.28667143533594,57.34332102440253,7.932209130733998,241.148347079865,amandier
55,40,76,22.63069713833541,53.64121318521741,8.287506454891549,171.40154205350396,amandier
60,48,65,21.044823953078346,48.5627418089109,8.065930365625892,211.8678225715161,amandier
59,46,68,25.62632595867388,47.02073596304589,7.90564118789947,253.0480734133015,amandier
52,42,75,21.889298137649522,57.891518742503266,7.97937844672235,199.4253497367731,amandier
61,35,77,26.836995457246207,45.29524823072121,8.314949862007955,213.31208526711112,amandier
48,35,68,27.155628273322325,55.8236478912754,7.997677977074079,258.5898399115985,amandier
60,40,64,26.89896003313361,58.2599666530678,7.944890412100084,269.3651106000214,amandier
60,39,75,23.96356171967475,46.16758729665771,8.061544256464908,239.5397770746897,amandier
47,42,69,20.077839702689673,56.29472425944175,7.874457716469671,160.70538871535712,amandier
58,41,79,20.99726203853368,50.44986713353515,8.150945695543623,155.64163321521292,amandier
49,47,65,28.31990053110347,53.577724933356684,8.208722876360433,177.27080379128407,amandier
55,41,67,25.16664259843874,56.040260525480036,8.189791089194193,270.77271514318414,amandier
49,48,65,21.794452375808532,45.381310277692876,7.827586674703273,226.37662232548126,amandier
56,49,70,25.323102633799106,46.13807461836071,8.28875081744613,231.09038478461088,amandier
55,38,69,26.42308955791018,49.141291327338934,7.95221334380539,183.04310285973548,amandier
57,46,74,29.391086983102404,55.07617260716225,7.852322132545421,209.8890465526774,amandier
56,46,61,29.888757121375434,59.23604090468132,7.854792136510913,271.34373165844215,amandier
57,47,62,22.2569467439043,45.3139804423811,8.222880937486664,237.19139963896617,amandier
53,41,75,25.931559955271343,47.80099491146056,8.042164662504241,195.23592660017815,amandier
56,48,77,20.440922163975323,50.90981261569583,8.091474519099345,208.61795396456404,amandier
56,42,78,21.156752236481164,59.19396739504623,8.313353060312465,232.87484438144122,amandier
46,39,60,21.069198643798213,52.57131485348312,8.287963796782531,226.28665785956326,amandier
59,38,67,25.821807361446396,48.73224473007333,8.262863368283305,242.28765595134905,amandier
45,44,63,24.961759261011153,57.3708474611538,8.081509467290777,163.31128016311294,amandier
46,35,71,23.8015014195767,50.05856626253763,8.302555916535798,246.56679520603257,amandier
54,37,75,25.476119841428094,47.16772835860425,7.8937588535800005,272.6925555970345,amandier
48,40,67,26.598027014003165,51.689209579808605,7.95726249007355,244.49226358231482,amandier
50,47,73,29.14751831425403,45.966076740225645,7.838526396224901,174.3555542961155,amandier
56,43,63,27.72497846096314,47.564173403513784,7.830733229541446,234.9808300776603,amandier
49,49,77,20.226044393592268,48.65764094949158,7.906801957011665,261.694575033804,amandier
57,42,70,29.719245507023352,57.75401091503886,8.294458140295216,187.7622646990231,amandier
51,46,74,24.709208264176354,58.76771134230528,8.070947119373905,223.14332964225292,amandier
63,48,75,28.722045289988948,45.71374788819168,8.069829304289815,170.57129643598415,amandier
49,36,74,22.94865628069697,58.70119407246048,7.99288966908486,254.1052343079882,amandier
50,47,69,24.37777271889569,45.32440488692691,8.13851513367303,215.13615911327437,amandier
54,36,71,25.078501431374814,47.433533222108665,8.091444649157502,258.2876697107969,amandier
51,47,64,22.873303332276492,47.42843415078538,7.974506745003228,179.23528142931912,amandier
59,44,66,26.41675710161496,57.25888903481284,8.192169024648138,183.15047482513984,amandier
47,43,76,27.4460367900338,45.712766358106656,7.953506697753381,241.81022480913165,amandier
63,37,65,26.98074338478649,50.81928252982338,7.911939271516889,201.75943415797786,amandier
46,49,71,20.687509520886774,52.61091140767441,8.030243844747506,216.08052025597027,amandier
61,38,73,28.19868147527005,53.309126007819565,8.115407744971282,187.11825932299416,amandier
58,49,62,20.100711348322832,49.121853966326995,7.876579947822234,235.7767095501413,amandier
59,36,73,24.269053206363036,53.28027258443477,7.961659165219121,246.65532965127977,amandier
55,35,67,22.067605240697617,47.995281392522685,8.154458816356547,237.34596203272844,amandier
58,40,75,20.02632155579588,51.76355479639722,8.046702912077189,222.13827839730317,amandier
62,40,68,26.476700027119755,51.326324704262944,7.9027611422277975,212.26921137311035,amandier
50,39,78,22.71860726725916,47.54557858732868,8.302922124826217,250.11157406303064,amandier
54,36,75,27.359353919374456,47.07413291516713,8.476324617384176,256.73415312253604,amandier
50,46,63,21.383785625419183,56.222426985430445,8.128757979866137,251.78144245618273,amandier
50,37,77,27.265857658264533,52.65090342816215,8.235373836891684,201.3963464119798,amandier
52,40,63,24.57461646585822,52.76518002346436,8.382276882870189,235.7192607181904,amandier
58,49,72,29.310192758797044,57.62124654038025,8.253212846625873,194.39592438892566,amandier
56,37,63,29.852699881009016,48.71259192854706,7.855759088651621,159.0859355454332,amandier
53,43,68,20.01931914291505,55.88656570436666,8.259945627773062,245.19954498853056,amandier
55,45,67,26.340550560109833,56.413372094418605,8.490219549737501,173.45509687057816,amandier
62,35,70,22.71359035191137,47.7781126746584,8.27691922974352,219.34133589588458,amandier
62,42,73,29.951594102001213,50.98663949336139,8.230780528296467,197.48174620999833,amandier
56,43,79,29.378869760948835,53.13538425738482,8.337879950264146,161.5968526462053,amandier
52,35,76,20.78818077242784,56.44498346567913,8.209203530926056,154.9553718745039,amandier
53,48,79,25.731492479812456,58.886275395829585,8.251741936275426,203.9156543288992,amandier
48,35,73,27.761714920402238,59.57226322563466,8.126475532152266,189.69591776121268,amandier
54,37,66,26.252115338575152,59.79573257443339,8.173512811077286,164.70374834522357,amandier
58,36,67,20.83201816508935,49.400942171786774,8.41446335902629,249.4352008214885,amandier
47,44,63,22.746874939874168,54.72968488593094,8.305087717815423,262.1721350268067,amandier
45,39,68,34.799861072871096,53.2325008670655,8.07486949515807,139.8006437503815,figuier_barbarie
30,26,64,33.954127111942185,42.43850602995218,8.495516448590324,111.88525784762372,figuier_barbarie
43,37,50,32.892437893521304,45.37761446793001,7.618345333717878,199.6450505100089,figuier_barbarie
44,34,63,27.94039710039999,50.653650128908886,7.615399858280828,140.68092913568495,figuier_barbarie
46,33,68,25.067855529768277,40.65184369451756,8.403980009055841,152.75637213568055,figuier_barbarie
41,31,63,33.63028779250285,47.22074067622641,7.578527185941573,156.0539352416771,figuier_barbarie
42,31,55,29.0032148248728,45.49740368741745,8.059574841955873,166.55094087572132,figuier_barbarie
36,33,54,29.2782345663825,42.962294224780486,8.410797911048867,117.45839846763603,figuier_barbarie
47,33,68,30.797798425694157,42.577853046256976,7.76162480629183,149.63036034864766,figuier_barbarie
40,25,51,30.74574503473017,52.334120672093874,8.06266954068431,196.438925665726,figuier_barbarie
45,32,68,31.73391479029835,53.36923997241626,8.303884708735254,118.40410348214468,figuier_barbarie
45,37,61,25.842705591807654,52.17792549748876,8.21890694460479,172.96066492353424,figuier_barbarie
45,37,58,27.202438774028607,52.93314461129859,8.24273072945409,141.4308312334173,figuier_barbarie
43,27,61,30.583844775702218,53.76023352260123,7.891479730334016,184.4950377272604,figuier_barbarie
49,38,69,28.70089280069971,40.27507583515975,7.627623186237753,175.42313233495486,figuier_barbarie
31,38,61,27.12027850502229,40.443129529172396,7.933935249631373,127.78328995646542,figuier_barbarie
46,32,50,31.140907379757017,47.97866045321953,7.591850337229201,144.5018683725355,figuier_barbarie
44,25,58,32.76403322022103,44.67008864394125,8.067776956431878,198.15790297645944,figuier_barbarie
47,31,64,32.86928105896662,49.298469276405214,7.582735083062241,182.39803891570654,figuier_barbarie
43,25,61,25.53898290393789,40.182697531248124,8.161338113836212,128.93524102222463,figuier_barbarie
44,32,53,27.69796057892364,47.671546094523805,7.940148447224132,151.24285513766563,figuier_barbarie
48,39,69,32.97155105815832,46.642752962128164,7.818469425602306,172.32294586055346,figuier_barbarie
34,33,69,34.776744141287075,51.80000423312444,8.269933435948687,185.74852537362202,figuier_barbarie
35,36,62,30.997190111102775,42.66358003947426,7.803733089088546,133.67926110821068,figuier_barbarie
39,35,51,34.3249177977768,51.25138619280459,8.34295039017681,147.0095958451516,figuier_barbarie
31,29,68,28.53905667211817,49.049883484668975,7.81200130610845,190.98236408320605,figuier_barbarie
48,30,65,27.199994722366252,47.18824386150274,8.175404437135294,132.3629124580479,figuier_barbarie
36,33,52,28.251329284002644,47.066655324966305,8.318737990454652,112.46142077075211,figuier_barbarie
46,38,67,29.354655250719784,43.75369487894405,8.186938355666703,174.26607186564212,figuier_barbarie
47,29,65,31.07266670101488,47.14936240762943,8.365700992324003,103.21095804820582,figuier_barbarie
46,27,61,25.53969761427392,51.44454083063535,8.20350814408834,159.79109922633324,figuier_barbarie
43,35,51,30.03209416751543,40.21119494924336,7.506957587303291,124.01266204515198,figuier_barbarie
43,38,59,26.770432945283975,40.427800372579725,8.409304146406049,100.82231313888916,figuier_barbarie
31,35,65,34.122296219996,53.391939093848286,8.153901146369257,167.2234149800605,figuier_barbarie
46,35,51,33.95106225730092,49.88866805576308,7.844786928654536,189.3648649090481,figuier_barbarie
30,28,62,25.997309723438825,53.82933445199125,7.640770457771214,122.48968057304073,figuier_barbarie
37,35,63,27.32133912800156,40.01414563791236,8.257150580307439,198.52073259110938,figuier_barbarie
45,37,69,31.995444737655465,46.98655293246891,8.01203161869149,113.6918823995663,figuier_barbarie
42,38,65,33.212002033499544,53.7213085200694,8.036923261420117,172.7764040512944,figuier_barbarie
47,32,64,29.527681295114007,43.64909626706048,8.377374520541391,174.29087199537224,figuier_barbarie
32,39,68,34.90374429578863,42.882590998216735,7.586747767803974,133.70027913372584,figuier_barbarie
48,31,56,27.02656921990431,46.632311706798745,7.556840570712389,197.84944646717906,figuier_barbarie
39,33,64,32.18992475398061,51.503933895237395,7.91611854443186,101.69098132563671,figuier_barbarie
46,26,69,32.57295572071193,43.405019490076306,7.721276591066184,116.1416987687574,figuier_barbarie
41,33,63,34.65442220738711,46.24391499040112,7.765499217218283,130.2592152664116,figuier_barbarie
33,25,67,34.72095993212311,49.26335969814428,8.481415721833663,133.7755987132229,figuier_barbarie
49,30,64,27.61200171273913,47.67853181904436,7.819618125508072,116.76215638405844,figuier_barbarie
46,37,68,27.848561309607597,40.36360388533585,8.125019454168104,125.2568559137687,figuier_barbarie
46,26,55,34.15927746103781,54.371841932194194,7.510526046309701,199.03742093546373,figuier_barbarie
45,31,60,25.729683329256876,52.31689156727769,7.9930351215402045,184.6783027168829,figuier_barbarie
35,33,56,27.00766729059335,41.61342087655651,7.940127696546327,112.33058053214248,figuier_barbarie
41,28,69,31.786494371828667,40.977996500592255,7.807432532547837,128.79786079325004,figuier_barbarie
37,31,54,28.975918693106465,49.37383704682684,8.279818675623144,178.39252791418875,figuier_barbarie
49,28,67,26.774316522495983,47.16232075693642,7.994597770669465,148.99317532448606,figuier_barbarie
45,36,65,29.341865919634696,41.9668181427475,7.955364134561501,181.04696170695928,figuier_barbarie
47,36,68,28.91666542878809,53.73215321827497,7.625612703520302,141.84467897162278,figuier_barbarie
30,26,57,29.57631874545175,47.78334297476622,7.639918977226994,151.3141501513277,figuier_barbarie
35,38,64,33.60370137280481,48.1320626395925,8.18963574191512,146.932329704347,figuier_barbarie
35,32,51,31.793166653135536,47.05751078634523,7.88789852895173,137.59599096406637,figuier_barbarie
37,31,53,26.47523834177347,41.44825717896617,7.5134229151201275,142.28560785668614,figuier_barbarie
72,46,90,27.200195462895238,60.19967822976142,7.560025735637773,179.91970047955576,pecher
79,49,93,24.448395508095206,60.748304596684996,7.918550598773881,147.53390751560121,pecher
78,54,90,23.59629933252764,53.077742500927414,8.051986289405779,141.73546109114488,pecher
79,51,91,25.312138146231213,51.77983554794378,7.899271127757271,237.826047442434,pecher
65,57,79,23.663117002090825,60.58070839471126,7.704104401731951,156.78318384485306,pecher
64,52,87,30.679644466821582,59.46455667305087,7.831086686959515,207.37487981284386,pecher
77,57,75,24.617528690370236,57.688863879009446,7.7314205669790015,231.86649325636785,pecher
62,50,87,22.83845718004481,55.20570538930666,7.793352278187808,122.1997746504426,pecher
66,56,84,24.140071131738743,57.1328978243929,7.722722646656092,154.67144598283784,pecher
68,48,84,29.87325837457395,64.76247439224822,7.513931038618055,210.87356382547233,pecher
60,52,86,26.028895789566306,64.02826715256313,7.508235566056898,196.42513995087162,pecher
73,55,85,24.710629901403635,54.563694672298766,7.860135749491721,212.74945685642572,pecher
70,50,94,22.41972726243506,57.0662427605677,7.778567139340933,160.31913874180427,pecher
69,47,79,29.190333387898875,57.45155169690745,7.528852632166189,195.95486626838513,pecher
76,54,75,30.004108624936784,58.774876230528776,8.197915263193188,179.2626450234563,pecher
79,53,87,31.91431691558088,60.69828507615658,7.614821512021573,244.2173018342413,pecher
73,50,85,28.575683057846124,63.24679110012163,7.903929303393017,166.02255294416145,pecher
62,51,78,27.441821542313008,52.3154265484385,7.675690539866227,216.00291638419372,pecher
70,52,77,25.679850771867866,51.16447827874693,7.9994233638565495,120.46508079800408,pecher
78,56,87,25.09481579194867,64.64619833576084,7.696882014266332,243.94665721851857,pecher
76,49,82,27.321111338370038,57.16815615684096,7.656446019979088,211.72745267094396,pecher
72,50,91,24.537976425559922,56.337181258421154,8.050584255455506,246.60410971567316,pecher
60,53,89,27.50743280891072,54.35138397426122,7.9294118307975925,165.9943679837168,pecher
61,47,89,23.469604059038115,63.75617298298218,8.198794200211271,221.46767486304884,pecher
65,54,83,23.42061609443062,60.5719375419828,8.133554689456137,176.49899500274296,pecher
73,54,82,27.20991388649357,57.313976570743414,7.904830371893013,209.59986572718375,pecher
73,52,77,28.226260273619193,59.79139633964188,8.03857704378856,140.37220844917948,pecher
66,58,93,31.57663474808973,63.01558189650032,7.501498643541833,169.43135163374075,pecher
73,48,80,30.080776677006256,51.86757881548539,8.179420047500221,192.14111376866464,pecher
74,56,77,27.915095321349824,59.49499165770392,7.537118039720868,151.59024883674215,pecher
78,56,76,29.88581765108471,60.62035675996867,7.677952480346682,232.0709311592301,pecher
74,47,90,23.30455636551394,64.63407452883668,8.107826774555257,236.12069913729306,pecher
64,51,83,30.093428287387024,57.05806902185412,8.164284140883716,230.17508064892442,pecher
78,53,82,27.026398049755354,57.37716983483684,7.620252376634436,156.23278296834937,pecher
78,55,91,31.72977380420305,52.29670168658298,7.688489297013645,196.77665550601603,pecher
77,52,89,30.649939730295344,58.44349739535185,8.165240433559733,129.41490067188903,pecher
63,52,78,30.25671445979478,60.46695549593785,7.5575632550574205,174.37433051733484,pecher
65,47,81,26.482265821082244,59.01538816233035,7.72916367608078,221.52282646356332,pecher
65,57,94,29.467264372010316,62.7038389932636,7.763471947509127,158.56071203840938,pecher
72,53,88,26.719373657552943,63.61835900619249,7.754232437263594,157.32979424689174,pecher
66,54,85,23.44135663989395,62.34125022147685,8.151741321621039,201.04695738023457,pecher
65,46,82,24.65156229705315,53.83115631277765,7.929469518914501,242.85487049726856,pecher
74,53,92,28.001819443143255,54.26090693119573,8.116383839637269,162.54254002775622,pecher
69,46,88,24.517884533468845,55.55480263175783,7.514165362847965,188.11911177040673,pecher
72,49,88,22.204920468779743,50.25210919731714,7.86414888212978,210.4845151897872,pecher
74,52,75,23.032588094360825,50.781318603907266,7.805229108039065,201.0091577536744,pecher
73,52,93,24.083607890748574,56.926555495944186,8.137242442416058,162.47633812205825,pecher
78,55,90,25.554366807245316,53.77269559514601,7.98627021071787,220.0331003510263,pecher
70,49,91,30.48752700565235,50.14939611806455,8.15597874574503,201.59058361775178,pecher
77,54,93,22.090056642644754,53.53207125516316,7.596409811061998,199.58160869400893,pecher
